0,0,0,0,-72,-65,0,86.0,0
0,0,0,0,-72,-65,0,86.0,0
0,0,-86,0,-72,-65,0,86.0,0
0,0,-86,-78,-72,-65,0,86.0,0
0,0,-86,-78,-72,-65,0,86.0,0
0,0,-86,-78,-60,-71,0,86.0,0
0,0,-86,-78,-61,-71,0,86.0,0
0,0,-86,-78,-61,-68,0,86.0,0
0,0,-86,-78,-61,-68,0,86.0,0
0,0,-82,-78,-61,-61,0,86.0,0
0,0,-82,-77,-61,-61,0,86.0,0
0,0,-82,-77,-61,-61,0,86.0,0
0,0,-82,-77,-61,-59,0,86.0,256
0,0,-82,-77,-58,-59,0,86.0,256
0,0,-82,-77,-58,-59,0,86.0,256
0,0,-82,-77,-58,-59,0,86.0,256
0,0,-82,-77,-58,-59,0,86.0,256
0,0,-83,-77,-58,-59,0,86.0,256
0,0,-83,-77,-58,-59,0,86.0,256
0,0,-83,-77,-58,-59,0,86.0,256
0,0,-83,-77,-63,-63,0,86.0,256
0,0,-83,-77,-63,-63,0,86.0,256
0,0,-83,-77,-63,-66,0,86.0,256
0,0,-83,-77,-63,-66,0,86.0,256
0,0,-80,-77,-63,-66,0,86.0,256
0,0,-80,-83,-63,-66,0,86.0,256
0,0,-80,-83,-63,-66,0,86.0,256
0,0,-80,-83,-63,-59,0,86.0,256
0,0,-80,-83,-63,-59,0,86.0,256
0,0,-81,-83,-63,-59,0,86.0,256
0,0,-81,0,-63,-59,0,86.0,256
0,0,-81,0,-63,-59,0,86.0,256
0,0,-81,0,-58,-62,0,86.0,256
0,0,-81,0,-57,-62,0,86.0,256
0,0,-81,0,-57,-67,0,86.0,256
0,0,-81,0,-57,-67,0,86.0,256
0,0,-81,0,-57,-67,0,86.0,256
0,0,-81,0,-57,-67,0,86.0,256
0,0,-81,0,-57,-67,0,86.0,256
0,0,-81,0,-61,-62,0,86.0,256
0,0,-81,0,-61,-61,0,86.0,256
0,0,-81,0,-61,-61,0,86.0,256
0,0,-82,0,-61,-61,0,86.0,256
0,0,-82,0,-61,-61,0,86.0,256
0,0,-82,0,-61,-61,0,86.0,256
0,0,-82,0,-57,127,0,86.0,256
0,0,-82,0,-58,127,0,86.0,256
0,0,-82,0,-58,-70,0,86.0,256
0,0,-82,0,-58,-70,0,86.0,256
0,0,0,0,-58,-70,0,86.0,256
0,0,0,0,-58,-70,0,86.0,256
0,0,0,0,-58,-70,0,86.0,256
0,0,0,0,-60,-58,0,86.0,256
0,0,0,0,-60,-58,0,86.0,256
0,0,0,0,-60,-61,0,86.0,256
0,0,0,0,-60,-61,0,86.0,256
0,0,0,0,-60,-61,0,86.0,256
0,0,0,0,-60,-61,0,86.0,256
0,0,0,0,-60,-61,0,86.0,256
0,0,0,0,-67,-63,0,86.0,256
0,0,0,0,-65,-63,0,86.0,256
0,0,0,0,-65,-63,0,86.0,256
0,0,0,0,-65,-63,0,86.0,256
0,0,0,0,-65,-63,0,86.0,256
0,0,0,-80,-65,-63,0,86.0,256
0,0,0,-80,-65,-63,0,86.0,256
0,0,0,-80,-80,-78,0,86.0,256
0,0,0,-80,-80,-78,0,86.0,256
0,0,0,-80,-80,-78,0,86.0,256
0,0,0,-80,-80,-78,0,86.0,256
0,0,0,-80,-80,-72,0,86.0,256
0,0,0,-79,-80,-72,0,86.0,256
0,0,0,-79,-80,-72,0,86.0,256
0,0,0,-79,-63,-70,0,86.0,256
0,0,0,-79,-62,-70,0,86.0,256
0,0,0,-79,-62,-65,0,86.0,256
0,0,0,-79,-62,-65,0,86.0,256
0,0,0,-79,-62,-65,0,86.0,256
0,0,0,-80,-62,-65,0,86.0,256
0,0,0,-80,-62,-65,0,86.0,256
0,0,0,-80,-62,-71,0,86.0,256
0,0,0,-80,-62,-71,0,86.0,256
0,0,0,-80,-62,-71,0,86.0,256
0,0,0,-80,-62,-71,0,86.0,256
0,0,0,-80,-62,-71,0,86.0,256
0,0,0,-82,-62,-71,0,86.0,256
0,0,0,-82,-62,-71,0,86.0,256
0,0,0,-82,-63,-60,0,86.0,256
0,0,0,-82,-63,-60,0,86.0,256
0,0,0,-82,-63,-65,0,86.0,256
0,0,0,-82,-63,-65,0,86.0,256
0,0,0,-82,-63,-65,0,86.0,256
0,0,0,0,-63,-65,0,86.0,256
0,0,0,0,-63,-65,0,86.0,256
0,0,0,0,-64,-57,0,86.0,256
0,0,0,0,-65,-57,0,86.0,256
0,0,0,0,-65,-57,0,86.0,256
0,0,0,0,-65,-57,0,86.0,256
0,0,0,0,-65,-57,0,86.0,256
0,0,0,0,-65,-57,0,86.0,256
0,0,0,0,-65,-57,0,86.0,256
0,0,0,0,-60,-59,0,86.0,256
0,0,0,0,-61,-59,0,86.0,256
0,0,0,0,-61,-59,0,86.0,256
0,0,0,0,-61,-59,0,86.0,256
0,0,0,0,-61,-59,0,86.0,256
0,0,0,0,-61,-59,0,86.0,256
0,0,0,0,-61,-59,0,86.0,256
0,0,0,0,-61,-62,0,86.0,256
0,0,0,0,-61,-62,0,86.0,256
0,0,0,0,-66,-62,0,86.0,256
0,0,0,0,-66,-62,0,86.0,256
0,0,0,0,-66,-62,0,86.0,256
0,0,0,0,-66,-69,0,86.0,256
0,0,0,0,-66,-58,0,86.0,256
0,0,0,0,-66,-58,0,86.0,256
0,0,0,0,-66,-58,0,86.0,256
0,0,0,0,-66,-58,0,86.0,256
0,0,0,0,-66,-58,0,86.0,256
0,0,0,0,-66,-62,0,86.0,256
0,0,0,0,-66,-62,0,86.0,256
0,0,0,0,-66,-62,0,86.0,256
0,0,0,0,-66,-62,0,86.0,256
0,0,0,0,-66,-58,0,86.0,256
0,0,0,0,-63,-58,0,86.0,256
0,0,0,0,-63,-58,0,86.0,256
0,0,0,0,-63,-62,0,86.0,256
0,0,0,0,-63,-62,0,86.0,256
0,0,0,0,-63,-62,0,86.0,256
0,0,0,-82,-63,-62,0,86.0,256
0,0,0,-82,-63,-62,0,86.0,256
0,0,0,-82,-59,-62,0,86.0,256
0,0,0,-82,-59,-62,0,86.0,256
0,0,0,-82,-59,-58,0,86.0,256
0,0,0,-82,-59,-58,0,86.0,256
0,0,0,-82,-59,-58,0,86.0,256
0,0,0,-87,-59,-58,0,86.0,256
0,0,0,-87,-59,-61,0,86.0,256
0,0,0,-87,-68,-61,0,86.0,256
0,0,0,-87,-68,-61,0,86.0,256
0,0,0,-87,-68,-66,0,86.0,256
0,0,0,-87,-68,-66,0,86.0,256
0,0,0,-87,-68,-66,0,86.0,256
0,0,0,0,-68,-66,0,86.0,256
0,0,0,0,-68,-66,0,86.0,256
0,0,0,0,-56,-66,0,86.0,256
0,0,0,0,-56,-66,0,86.0,256
0,0,0,0,-56,-61,0,86.0,256
0,0,0,0,-56,-61,0,86.0,256
0,0,0,0,-56,-62,0,86.0,256
0,0,0,0,-56,-62,0,86.0,256
0,0,0,0,-56,-62,0,86.0,256
0,0,0,0,-56,-62,0,86.0,256
0,0,0,0,-56,-62,0,86.0,256
0,0,0,0,-56,-63,0,86.0,256
0,0,0,0,-56,-63,0,86.0,256
0,0,0,0,-56,-63,0,86.0,256
0,0,0,0,-56,-63,0,86.0,256
0,0,0,0,-56,-63,0,86.0,256
0,0,0,0,-56,-75,0,86.0,256
0,0,0,0,-56,-75,0,86.0,256
0,0,0,0,-56,-75,0,86.0,256
0,0,0,0,-56,-75,0,86.0,256
0,0,0,0,-56,-75,0,86.0,256
0,0,0,0,-68,-75,0,86.0,256
0,0,0,0,-68,-75,0,86.0,256
0,0,0,0,-68,-71,0,86.0,256
0,0,0,0,-68,-71,0,86.0,256
0,0,0,0,-68,-71,0,86.0,256
0,0,0,0,-68,-71,0,86.0,256
0,0,0,0,-68,-71,0,86.0,256
0,0,0,0,-66,-71,0,86.0,256
0,0,0,0,-66,-71,0,86.0,256
0,0,0,0,-66,-77,0,86.0,256
0,0,0,0,-66,-77,0,86.0,256
0,0,0,0,-66,-77,0,86.0,256
0,0,0,0,-66,-77,0,86.0,256
0,0,0,0,-66,-77,0,86.0,256
0,0,0,0,-65,-79,0,86.0,256
0,0,0,0,-65,-79,0,86.0,256
0,0,0,0,-65,-64,0,86.0,256
0,0,0,0,-65,-63,0,86.0,256
0,0,0,0,-65,-63,0,86.0,256
0,0,0,0,-65,-63,0,86.0,256
0,0,0,0,-65,-63,0,86.0,256
0,0,0,0,-63,-68,0,86.0,256
0,0,0,0,-62,-68,0,86.0,256
0,0,0,0,-62,-71,0,86.0,256
0,0,0,0,-62,-71,0,86.0,256
0,0,0,0,-62,-71,0,86.0,256
0,0,0,0,-62,-71,0,86.0,256
0,0,0,0,-62,-71,0,86.0,256
0,0,0,0,-62,-65,0,86.0,256
0,0,0,0,-62,-65,0,86.0,256
0,0,0,0,-62,-65,0,86.0,256
0,0,0,0,-62,-65,0,86.0,256
0,0,0,0,-62,-65,0,86.0,256
0,0,0,0,-62,-72,0,86.0,256
0,0,0,0,-63,-72,0,86.0,256
0,0,0,0,-63,-65,0,86.0,256
0,0,0,0,-63,-65,0,86.0,256
0,0,0,0,-63,-65,0,86.0,256
0,0,0,0,-63,-65,0,86.0,256
0,0,0,0,-63,-65,0,86.0,256
0,0,0,0,-71,-65,0,86.0,256
0,0,0,0,-70,-65,0,86.0,256
0,0,0,0,-70,-70,0,86.0,256
0,0,0,0,-70,-70,0,86.0,256
0,0,0,0,-70,-70,0,86.0,256
0,0,0,0,-70,-70,0,86.0,256
0,0,0,0,-70,-70,0,86.0,256
0,0,0,0,-65,-76,0,86.0,256
0,0,0,0,-65,-76,0,86.0,256
0,0,0,0,-65,-67,0,86.0,256
0,0,0,0,-65,-67,0,86.0,256
0,0,0,0,-65,-67,0,86.0,256
0,0,0,0,-65,-67,0,86.0,256
0,0,0,0,-65,-66,0,86.0,256
0,0,0,0,-65,-66,0,86.0,256
0,0,0,0,-65,-66,0,86.0,256
0,0,0,0,-65,-66,0,86.0,256
0,0,0,0,-56,-69,0,86.0,256
0,0,0,0,-55,-69,0,86.0,256
0,0,0,0,-55,-68,0,86.0,256
0,0,0,0,-55,-68,0,86.0,256
0,0,0,0,-55,-68,0,86.0,256
0,0,0,0,-55,-68,0,86.0,256
0,0,0,0,-67,-70,0,86.0,256
0,0,0,0,-66,-70,0,86.0,256
0,0,0,0,-66,-66,0,86.0,256
0,0,0,0,-66,-66,0,86.0,256
0,0,0,0,-66,-66,0,86.0,256
0,0,0,0,-66,-66,0,86.0,256
0,0,0,0,-66,-74,0,86.0,256
0,0,0,0,-65,-74,0,86.0,256
0,0,0,0,-65,-72,0,86.0,256
0,0,0,0,-65,-72,0,86.0,256
0,0,0,0,-65,-72,0,86.0,256
0,0,0,0,-65,-72,0,86.0,256
0,0,0,0,-65,-66,0,86.0,256
0,0,0,0,-65,-66,0,86.0,256
0,0,0,0,-65,-66,0,86.0,256
0,0,0,0,-65,-66,0,86.0,256
0,0,0,0,-63,-72,0,86.0,256
0,0,0,0,-64,-72,0,86.0,256
0,0,0,0,-64,-74,0,86.0,256
0,0,0,0,-64,-74,0,86.0,256
0,0,0,0,-64,-74,0,86.0,256
0,0,0,0,-64,-74,0,86.0,256
0,0,0,0,-71,-68,0,86.0,256
0,0,0,0,-72,-68,0,86.0,256
0,0,0,0,-72,-86,0,86.0,256
0,0,0,0,-72,-86,0,86.0,256
0,0,0,0,-72,-86,0,86.0,256
0,0,0,0,-72,-86,0,86.0,256
0,0,0,0,-65,-74,0,86.0,256
0,0,0,0,-65,-74,0,86.0,256
0,0,0,0,-65,-67,0,86.0,256
0,0,0,0,-65,-67,0,86.0,256
0,0,0,0,-65,-75,0,86.0,256
0,0,0,0,-65,-75,0,86.0,256
0,0,0,0,-64,-72,0,86.0,256
0,0,0,0,-64,-72,0,86.0,256
0,0,0,0,-64,-78,0,86.0,256
0,0,0,0,-64,-78,0,86.0,256
0,0,0,0,-64,-78,0,86.0,256
0,0,0,0,-64,-78,0,86.0,256
0,0,0,0,-76,-63,0,86.0,256
0,0,0,0,-77,-63,0,86.0,256
0,0,0,0,-77,-76,0,86.0,256
0,0,0,0,-77,-76,0,86.0,256
0,0,0,0,-77,-76,0,86.0,256
0,0,0,0,-77,-72,0,86.0,256
0,0,0,0,-73,-69,0,86.0,256
0,0,0,0,-72,-69,0,86.0,256
0,0,0,0,-72,-76,0,86.0,256
0,0,0,0,-72,-76,0,86.0,256
0,0,0,0,-72,-76,0,86.0,256
0,0,0,0,-72,-76,0,86.0,256
0,0,0,0,-56,-73,0,86.0,256
0,0,0,0,-56,-73,0,86.0,256
0,0,0,0,-56,-71,0,86.0,256
0,0,0,0,-56,-71,0,86.0,256
0,0,0,0,-56,-71,0,86.0,256
0,0,0,0,-56,-71,0,86.0,256
0,0,0,0,-74,-75,0,86.0,256
0,0,0,0,-75,-75,0,86.0,256
0,0,0,0,-75,-87,0,86.0,256
0,0,0,0,-75,-87,0,86.0,256
0,0,0,0,-75,-87,0,86.0,256
0,0,0,0,-75,-87,0,86.0,256
0,0,0,0,-71,-83,0,86.0,256
0,0,0,0,-70,-83,0,86.0,256
0,0,0,0,-70,-72,0,86.0,256
0,0,0,0,-70,-72,0,86.0,256
0,0,0,0,-70,-72,0,86.0,256
0,0,0,0,-70,-75,0,86.0,256
0,0,0,0,-70,-76,0,86.0,256
0,0,0,0,-70,-76,0,86.0,256
0,0,0,0,-70,-76,0,86.0,256
0,0,0,0,-70,-76,0,86.0,256
0,0,0,0,-75,-92,0,86.0,256
0,0,0,0,-75,-92,0,86.0,256
0,0,0,0,-75,-78,0,86.0,256
0,0,0,0,-75,-78,0,86.0,256
0,0,0,0,-75,-78,0,86.0,256
0,0,0,0,-75,-78,0,86.0,256
0,0,0,0,-79,-76,0,86.0,256
0,0,0,0,-78,-76,0,86.0,256
0,0,0,0,-78,-76,0,86.0,256
0,0,0,0,-78,-76,0,86.0,256
0,0,0,0,-78,-76,0,86.0,256
0,0,0,0,-78,-76,0,86.0,256
0,0,0,0,-68,-78,0,86.0,256
0,0,0,0,-68,-78,0,86.0,256
0,0,0,0,-68,-78,0,86.0,256
0,0,0,0,-68,-78,0,86.0,256
0,0,0,0,-68,-78,0,86.0,256
0,0,0,0,-68,-78,0,86.0,256
0,0,0,0,-68,-77,0,86.0,256
0,0,0,0,-68,-77,0,86.0,256
0,0,0,0,-68,-77,0,86.0,256
0,0,0,0,-68,-77,0,86.0,256
0,0,0,0,-68,-79,0,86.0,256
0,0,0,0,-68,-79,0,86.0,256
0,0,0,0,-68,-79,0,86.0,256
0,0,0,0,-68,-79,0,86.0,256
0,0,0,0,-68,-79,0,86.0,256
0,0,0,0,-68,-79,0,86.0,256
0,0,0,0,-58,-71,0,86.0,256
0,0,0,0,-58,-71,0,86.0,256
0,0,0,0,-58,-71,0,86.0,256
0,0,0,0,-58,-71,0,86.0,256
0,0,0,0,-58,-69,0,86.0,256
0,0,0,0,-58,-69,0,86.0,256
0,0,0,0,-58,-72,0,86.0,256
0,0,0,0,-58,-72,0,86.0,256
0,0,0,0,-81,-72,0,86.0,256
0,0,0,0,-82,-72,0,86.0,256
0,0,0,0,-82,-72,0,86.0,256
0,0,0,0,-82,-72,0,86.0,256
0,0,0,0,-82,-82,0,86.0,256
0,0,0,0,-82,-82,0,86.0,256
0,0,0,0,-82,-82,0,86.0,256
0,0,0,0,-82,-82,0,86.0,256
0,0,0,0,-68,-82,0,86.0,256
0,0,0,0,-67,-82,0,86.0,256
0,0,0,0,-67,-77,0,86.0,256
0,0,0,0,-67,-77,0,86.0,256
0,0,0,0,-67,-77,0,86.0,256
0,0,0,0,-67,-77,0,86.0,256
0,0,0,0,-72,-77,0,86.0,256
0,0,0,0,-73,-77,0,86.0,256
0,0,0,0,-73,-62,0,86.0,256
0,0,0,0,-73,-62,0,86.0,256
0,0,0,0,-73,-62,0,86.0,256
0,0,0,0,-73,-62,0,86.0,256
0,0,0,0,-67,-62,0,86.0,256
0,0,0,0,-67,-62,0,86.0,256
0,0,0,0,-67,-62,0,86.0,256
0,0,0,0,-67,-62,0,86.0,256
0,0,0,0,-67,-62,0,86.0,256
0,0,0,-83,-67,-62,0,86.0,256
0,0,0,-83,-67,-62,0,86.0,256
0,0,0,-83,-61,-62,0,86.0,256
0,0,0,-83,-61,-62,0,86.0,256
0,0,0,-83,-61,-67,0,86.0,256
0,0,0,-83,-61,-67,0,86.0,256
0,0,0,-83,-61,-67,0,86.0,256
0,0,0,-83,-61,-67,0,86.0,256
0,0,0,-83,-61,-67,0,86.0,256
0,0,0,-83,-68,-68,0,86.0,256
0,0,0,-83,-68,-68,0,86.0,256
0,0,0,-83,-68,-63,0,86.0,256
0,0,0,-83,-68,-63,0,86.0,256
0,0,0,-83,-68,-63,0,86.0,256
0,0,0,0,-68,-63,0,86.0,256
0,0,0,0,-68,-63,0,86.0,256
0,0,0,0,-68,-62,0,86.0,256
0,0,0,0,-68,-62,0,86.0,256
0,0,0,0,-68,-62,0,86.0,256
0,0,0,0,-68,-62,0,86.0,256
0,0,0,0,-68,-62,0,86.0,256
0,0,0,0,-56,-60,0,86.0,256
0,0,0,0,-56,-60,0,86.0,256
0,0,0,0,-56,-64,0,86.0,256
0,0,0,0,-56,-64,0,86.0,256
0,0,0,0,-56,-64,0,86.0,256
0,0,0,0,-56,-64,0,86.0,256
0,0,0,0,-56,-64,0,86.0,256
0,0,0,0,-53,-57,0,86.0,256
0,0,0,0,-54,-57,0,86.0,256
0,0,0,0,-54,-57,0,86.0,264
0,0,0,0,-54,-64,0,86.0,264
0,0,0,0,-54,-64,0,86.0,264
0,0,0,0,-54,-64,0,86.0,264
0,0,0,0,-54,-64,0,86.0,264
0,0,0,0,-54,-64,0,86.0,264
0,0,0,0,-58,-58,0,86.0,264
0,0,0,0,-58,-58,0,86.0,264
0,0,0,0,-58,-73,0,86.0,264
0,0,0,0,-58,-61,0,86.0,264
0,0,0,0,-58,-61,0,86.0,264
0,0,0,0,-58,-61,0,86.0,264
0,0,0,0,-58,-61,0,86.0,264
0,0,0,0,-58,-56,0,86.0,264
0,0,0,0,-58,-56,0,86.0,264
0,0,0,0,-58,-59,0,86.0,264
0,0,0,0,-58,-59,0,86.0,264
0,0,0,0,-58,-59,0,86.0,264
0,0,0,0,-58,-59,0,86.0,264
0,0,0,0,-58,-59,0,86.0,264
0,0,0,0,-74,-56,0,86.0,264
0,0,0,0,-74,-56,0,86.0,264
0,0,0,0,-74,-61,0,86.0,264
0,0,0,0,-74,-61,0,86.0,264
0,0,0,0,-74,-61,0,86.0,264
0,0,0,0,-74,-55,0,86.0,264
0,0,0,0,-74,-55,0,86.0,264
0,0,0,0,-72,-68,0,86.0,264
0,0,0,0,-73,-68,0,86.0,264
0,0,0,0,-73,-63,0,86.0,264
0,0,0,0,-73,-63,0,86.0,264
0,0,0,0,-73,-63,0,86.0,264
0,0,0,0,-73,-63,0,86.0,264
0,-85,0,0,-73,-63,0,86.0,264
0,-85,0,0,-67,-60,0,86.0,264
0,-85,0,0,-67,-60,0,86.0,264
0,-85,0,0,-67,-61,0,86.0,264
0,-85,0,0,-67,-61,0,86.0,264
0,-85,0,0,-67,-61,0,86.0,264
0,-85,0,0,-67,-57,0,86.0,264
0,-86,0,0,-67,-57,0,86.0,264
0,-86,0,0,-64,-53,0,86.0,264
0,-86,0,0,-64,-53,0,86.0,264
0,-86,0,0,-64,-56,0,86.0,264
0,-86,0,0,-64,-56,0,86.0,264
0,-86,0,0,-64,-56,0,86.0,264
0,-86,0,0,-64,-56,0,86.0,264
0,0,0,0,-64,-56,0,86.0,264
0,0,0,0,-64,-56,0,86.0,264
0,0,0,0,-64,-56,0,86.0,264
0,0,0,0,-64,-55,0,86.0,264
0,0,0,0,-64,-55,0,86.0,264
0,0,0,0,-64,-55,0,86.0,264
0,0,0,0,-64,-52,0,86.0,264
0,0,0,0,-64,-52,0,86.0,264
0,0,0,0,-64,-55,0,86.0,264
0,0,0,0,-64,-55,0,86.0,264
0,0,0,0,-64,-55,0,86.0,264
0,0,0,0,-64,-55,0,86.0,264
0,0,0,0,-64,-55,0,86.0,264
0,0,0,0,-72,-55,0,86.0,264
0,0,0,0,-73,-55,0,86.0,264
0,0,0,0,-73,-55,0,86.0,264
0,0,0,0,-73,-55,0,86.0,264
0,0,0,0,-73,-55,0,86.0,264
0,0,0,0,-73,-55,0,86.0,264
0,-82,0,0,-73,-55,0,86.0,264
0,-82,0,0,-73,-56,0,86.0,264
0,-82,0,0,-73,-56,0,86.0,264
0,-82,0,0,-73,-56,0,86.0,264
0,-82,0,0,-73,-56,0,86.0,264
0,-79,0,0,-73,-56,0,86.0,264
0,-79,0,0,-73,-58,0,86.0,264
0,-79,0,0,-73,-58,0,86.0,264
0,-79,0,0,-73,-58,0,86.0,264
0,-79,0,0,-73,-58,0,86.0,264
0,-87,0,0,-73,-58,0,86.0,264
0,-87,0,0,-60,-71,0,86.0,264
0,-87,0,0,-61,-71,0,86.0,264
0,-87,0,0,-61,-68,0,86.0,264
0,-87,0,0,-61,-70,0,86.0,264
0,-87,0,0,-61,-70,0,86.0,264
0,-87,0,0,-61,-70,0,86.0,264
0,0,0,0,-61,-70,0,86.0,264
0,0,0,0,-65,-66,0,86.0,264
0,0,0,0,-66,-66,0,86.0,264
0,0,0,0,-66,-78,0,86.0,264
0,0,0,0,-66,-78,0,86.0,264
0,0,0,0,-66,-78,0,86.0,264
0,0,0,0,-66,-78,0,86.0,264
0,0,0,0,-66,-78,0,86.0,264
0,0,0,0,-63,-66,0,86.0,264
0,0,0,0,-64,-66,0,86.0,264
0,0,0,0,-64,-66,0,86.0,264
0,0,0,0,-64,-66,0,86.0,264
0,0,0,0,-64,-66,0,86.0,264
0,0,0,0,-64,-65,0,86.0,264
0,0,0,0,-64,-65,0,86.0,264
0,0,0,0,-61,-65,0,86.0,264
0,0,0,0,-61,-65,0,86.0,264
0,0,0,0,-61,-67,0,86.0,264
0,0,0,0,-61,-67,0,86.0,264
0,0,0,0,-61,-67,0,86.0,264
0,0,0,0,-61,-67,0,86.0,264
0,0,0,0,-61,-67,0,86.0,264
0,0,0,0,-61,-64,0,86.0,264
0,0,0,0,-61,-64,0,86.0,264
0,0,0,0,-61,-61,0,86.0,264
0,0,0,0,-61,-61,0,86.0,264
0,0,0,0,-61,-61,0,86.0,264
0,0,0,0,-61,-61,0,86.0,264
0,0,0,0,-61,-61,0,86.0,264
0,0,0,0,-60,-56,0,86.0,264
0,0,0,0,-60,-56,0,86.0,264
0,0,0,0,-60,-55,0,86.0,264
0,0,0,0,-60,-55,0,86.0,264
0,0,0,0,-60,-55,0,86.0,264
0,0,0,0,-60,-55,0,86.0,264
0,0,0,0,-60,-55,0,86.0,264
0,0,0,0,-65,-63,0,86.0,264
0,0,0,0,-65,-63,0,86.0,264
0,0,0,0,-65,-63,0,86.0,264
0,0,0,0,-65,-63,0,86.0,264
0,0,0,0,-65,-63,0,86.0,264
0,0,0,0,-65,-63,0,86.0,264
0,0,0,0,-65,-63,0,86.0,264
0,0,0,0,-72,-58,0,86.0,264
0,0,0,0,-72,-58,0,86.0,264
0,0,0,0,-72,-56,0,86.0,264
0,0,0,0,-72,-56,0,86.0,264
0,0,0,0,-72,-56,0,86.0,264
0,0,0,0,-72,-56,0,86.0,264
0,0,0,0,-72,-56,0,86.0,264
0,0,0,0,-72,-50,0,86.0,264
0,0,0,0,-72,-50,0,86.0,264
0,0,0,0,-72,-50,0,86.0,264
0,0,0,0,-72,-50,0,86.0,264
0,0,0,0,-72,-50,0,86.0,264
0,0,0,0,-72,-51,0,86.0,264
0,0,0,0,-72,-51,0,86.0,264
0,0,0,0,-72,-51,0,86.0,264
0,0,0,0,-72,-51,0,86.0,264
0,0,0,0,-72,-51,0,86.0,264
0,0,0,0,-75,-53,0,86.0,264
0,0,0,0,-75,-53,0,86.0,264
0,0,0,0,-75,-56,0,86.0,264
0,0,0,0,-75,-56,0,86.0,264
0,0,0,0,-75,-56,0,86.0,264
0,0,0,0,-75,-56,0,86.0,264
0,-83,0,0,-75,-56,0,86.0,264
0,-83,0,0,-75,-48,0,86.0,264
0,-83,0,0,-75,-48,0,86.0,264
0,-83,0,0,-75,-55,0,86.0,264
0,-83,0,0,-75,-55,0,86.0,264
0,-81,0,0,-75,-55,0,86.0,264
0,-81,0,0,-87,-58,0,86.0,264
0,-81,0,0,-85,-58,0,86.0,264
0,-81,0,0,-85,-59,0,86.0,264
0,-81,0,0,-85,-59,0,86.0,264
0,-81,0,0,-85,-59,0,86.0,264
0,-81,0,0,-85,-59,0,86.0,264
0,-78,0,0,-85,-59,0,86.0,264
0,-78,0,0,-72,-68,0,86.0,264
0,-78,0,0,-72,-68,0,86.0,264
0,-78,0,0,-72,-68,0,86.0,264
0,-78,0,0,-72,-68,0,86.0,264
0,-78,0,0,-72,-68,0,86.0,264
0,-78,0,0,-72,-68,0,86.0,264
0,-81,0,0,-72,-68,0,86.0,264
0,-81,0,0,-69,-54,0,86.0,264
0,-81,0,0,-70,-54,0,86.0,264
0,-81,0,0,-70,-54,0,86.0,264
0,-81,0,0,-70,-54,0,86.0,264
0,-81,0,0,-70,-54,0,86.0,264
0,-81,0,0,-70,-54,0,86.0,264
0,0,0,0,-70,-54,0,86.0,264
0,0,0,0,-70,-61,0,86.0,264
0,0,0,0,-70,-61,0,86.0,264
0,0,0,0,-70,-61,0,86.0,264
0,0,0,0,-70,-61,0,86.0,264
0,0,0,0,-70,-62,0,86.0,264
0,0,0,0,-70,-90,0,86.0,264
0,0,0,0,-70,-90,0,86.0,264
0,0,0,0,-74,-90,0,86.0,264
0,0,0,0,-75,-90,0,86.0,264
0,0,0,0,-75,-90,0,86.0,264
0,0,0,0,-75,-90,0,86.0,264
0,-86,0,0,-75,-90,0,86.0,264
0,-86,0,0,-75,-55,0,86.0,264
0,-86,0,0,-75,-55,0,86.0,264
0,-86,0,0,-75,-55,0,86.0,264
0,-86,0,0,-73,-55,0,86.0,264
0,-86,0,0,-73,-55,0,86.0,264
0,-86,0,0,-73,-55,0,86.0,264
0,-82,0,0,-73,-55,0,86.0,264
0,-82,0,0,-73,-60,0,86.0,264
0,-82,0,0,-73,-60,0,86.0,264
0,-82,0,0,-73,-60,0,86.0,264
0,-82,0,0,-73,-60,0,86.0,264
0,-82,0,0,-70,-60,0,86.0,264
0,-82,0,0,-70,-60,0,86.0,264
0,-82,0,0,-70,-60,0,86.0,264
0,-82,0,0,-70,-67,0,86.0,264
0,-82,0,0,-70,-67,0,86.0,264
0,-82,0,0,-70,-67,0,86.0,264
0,-82,0,0,-70,-67,0,86.0,264
0,-80,0,0,-70,-67,0,86.0,264
0,-80,0,0,-70,-62,0,86.0,264
0,-80,0,0,-71,-62,0,86.0,264
0,-80,0,0,-71,-54,0,86.0,264
0,-80,0,0,-71,-54,0,86.0,264
0,-80,0,0,-71,-54,0,86.0,264
0,-80,0,0,-71,-54,0,86.0,264
0,-79,0,0,-71,-54,0,86.0,264
0,-79,0,0,-71,-64,0,86.0,264
0,-79,0,0,-71,-64,0,86.0,264
0,-79,0,0,-71,-64,0,86.0,264
0,-79,0,0,-71,-64,0,86.0,264
0,0,0,0,-71,-64,0,86.0,264
0,0,0,0,-76,-67,0,86.0,264
0,0,0,0,-77,-67,0,86.0,264
0,0,0,0,-77,-71,0,86.0,264
0,0,0,0,-77,-71,0,86.0,264
0,0,0,0,-77,-71,0,86.0,264
0,0,0,0,-77,-71,0,86.0,264
0,0,0,0,-77,-71,0,86.0,264
0,0,0,0,-80,-71,0,86.0,264
0,0,0,0,-80,-71,0,86.0,264
0,0,0,0,-80,-62,0,86.0,264
0,0,0,0,-80,-62,0,86.0,264
0,0,0,0,-80,-62,0,86.0,264
0,0,0,0,-80,-62,0,86.0,264
0,0,0,0,-80,-62,0,86.0,264
0,0,0,0,-73,-75,0,86.0,264
0,0,0,0,-74,-75,0,86.0,264
0,0,0,0,-74,-62,0,86.0,264
0,0,0,0,-74,-62,0,86.0,264
0,0,0,0,-74,-55,0,86.0,264
0,0,0,0,-74,-55,0,86.0,264
0,0,0,0,-74,-55,0,86.0,264
0,0,0,0,-74,-55,0,86.0,264
0,0,0,0,-74,-55,0,86.0,264
0,0,0,0,-74,-55,0,86.0,264
0,0,0,0,-74,-55,0,86.0,264
0,0,0,0,-74,-55,0,86.0,264
0,0,0,0,-72,-52,0,86.0,264
0,0,0,0,-72,-52,0,86.0,264
0,0,0,0,-72,-58,0,86.0,264
0,0,0,0,-72,-58,0,86.0,264
0,0,0,0,-72,-58,0,86.0,264
0,0,0,0,-72,-57,0,86.0,264
0,0,0,0,-72,-57,0,86.0,264
0,0,0,0,-76,-57,0,86.0,264
0,0,0,0,-75,-57,0,86.0,264
0,0,0,0,-75,-65,0,86.0,264
0,0,0,0,-75,-65,0,86.0,264
0,0,0,0,-75,-65,0,86.0,264
0,0,0,0,-75,-65,0,86.0,264
0,-83,0,0,-75,-65,0,86.0,264
0,-83,0,0,-75,-65,0,86.0,264
0,-83,0,0,-75,-65,0,86.0,264
0,-83,0,0,-75,-65,0,86.0,264
0,-83,0,0,-75,-65,0,86.0,264
0,-82,0,0,-75,-65,0,86.0,264
0,-82,0,0,-69,-61,0,86.0,264
0,-82,0,0,-69,-61,0,86.0,264
0,-82,0,0,-69,-59,0,86.0,264
0,-82,0,0,-69,-59,0,86.0,264
0,-82,0,0,-69,-59,0,86.0,264
0,-82,0,0,-69,-59,0,86.0,264
0,-83,0,0,-69,-59,0,86.0,264
0,-83,0,0,-69,-61,0,86.0,264
0,-83,0,0,-69,-63,0,86.0,264
0,-83,0,0,-69,-63,0,86.0,264
0,-83,0,0,-69,-63,0,86.0,264
0,-83,0,0,-69,-63,0,86.0,264
0,0,0,0,-69,-63,0,86.0,264
0,0,0,0,-76,-69,0,86.0,264
0,0,0,0,-77,-69,0,86.0,264
0,0,0,0,-77,127,0,86.0,264
0,0,0,0,-77,127,0,86.0,264
0,0,0,0,-77,127,0,86.0,264
0,0,0,0,-77,127,0,86.0,264
0,0,0,0,-77,127,0,86.0,264
0,0,0,0,-71,-63,0,86.0,264
0,0,0,0,-72,-63,0,86.0,264
0,0,0,0,-72,-67,0,86.0,264
0,0,0,0,-72,-67,0,86.0,264
0,0,0,0,-72,-67,0,86.0,264
0,0,0,0,-72,-67,0,86.0,264
0,0,0,0,-72,-67,0,86.0,264
0,0,0,0,-72,-56,0,86.0,264
0,0,0,0,-72,-56,0,86.0,264
0,0,0,0,-72,-68,0,86.0,264
0,0,0,0,-72,-68,0,86.0,264
0,0,0,0,-72,-68,0,86.0,264
0,0,0,0,-72,-68,0,86.0,264
0,0,0,0,-72,-68,0,86.0,264
0,0,0,0,-77,-64,0,86.0,264
0,0,0,0,-76,-64,0,86.0,264
0,0,0,0,-76,-65,0,86.0,264
0,0,0,0,-76,-65,0,86.0,264
0,0,0,0,-76,-65,0,86.0,264
0,0,0,0,-76,-65,0,86.0,264
0,0,0,0,-76,-65,0,86.0,264
0,0,0,0,-72,-63,0,86.0,264
0,0,0,0,-72,-63,0,86.0,264
0,0,0,0,-72,-68,0,86.0,264
0,0,0,0,-72,-68,0,86.0,264
0,0,0,0,-72,-68,0,86.0,264
0,0,0,0,-72,-68,0,86.0,264
0,0,0,0,-72,-68,0,86.0,264
0,0,0,0,-72,-52,0,86.0,264
0,0,0,0,-72,-52,0,86.0,264
0,0,0,0,-72,-53,0,86.0,264
0,0,0,0,-72,-53,0,86.0,264
0,0,0,0,-72,-53,0,86.0,264
0,0,0,0,-72,-53,0,86.0,264
0,0,0,0,-72,-53,0,86.0,264
0,0,0,0,-83,-54,0,86.0,264
0,0,0,0,-83,-54,0,86.0,264
0,0,0,0,-83,-51,0,86.0,264
0,0,0,0,-83,-51,0,86.0,264
0,0,0,0,-83,-51,0,86.0,264
0,0,0,0,-83,-51,0,86.0,264
0,0,0,0,-83,-51,0,86.0,264
0,0,0,0,-83,-53,0,86.0,264
0,0,0,0,-83,-53,0,86.0,264
0,0,0,0,-83,-53,0,86.0,264
0,0,0,0,-83,-53,0,86.0,264
0,0,0,0,-83,-53,0,86.0,264
0,0,0,0,-76,-51,0,86.0,264
0,0,0,0,-76,-51,0,86.0,264
0,0,0,0,-76,-55,0,86.0,264
0,0,0,0,-76,-55,0,86.0,264
0,0,0,0,-76,-55,0,86.0,264
0,0,0,0,-76,-55,0,86.0,264
0,0,0,0,-76,-55,0,86.0,264
0,0,0,0,-73,-55,0,86.0,264
0,0,0,0,-73,-55,0,86.0,264
0,0,0,0,-73,-52,0,86.0,264
0,0,0,0,-73,-52,0,86.0,264
0,0,0,0,-73,-52,0,86.0,264
0,0,0,0,-73,-52,0,86.0,264
0,-83,0,0,-73,-52,0,86.0,264
0,-83,0,0,-73,-60,0,86.0,264
0,-83,0,0,-73,-60,0,86.0,264
0,-83,0,0,-73,-60,0,86.0,264
0,-83,0,0,-73,-60,0,86.0,264
0,0,0,0,-73,-60,0,86.0,264
0,0,0,0,-73,-59,0,86.0,264
0,0,0,0,-73,-59,0,86.0,264
0,0,0,0,-73,-59,0,86.0,264
0,0,0,0,-73,-59,0,86.0,264
0,0,0,0,-73,-59,0,86.0,264
0,0,0,0,-79,-59,0,86.0,264
0,0,0,0,-77,-59,0,86.0,264
0,0,0,0,-77,-54,0,86.0,264
0,0,0,0,-77,-54,0,86.0,264
0,0,0,0,-77,-56,0,86.0,264
0,0,0,0,-77,-56,0,86.0,264
0,0,0,0,-77,-56,0,86.0,264
0,0,0,0,-78,-56,0,86.0,264
0,0,0,0,-77,-56,0,86.0,264
0,0,0,0,-77,-58,0,86.0,264
0,0,0,0,-77,-58,0,86.0,264
0,0,0,0,-77,-58,0,86.0,264
0,0,0,0,-77,-58,0,86.0,264
0,0,0,0,-77,-58,0,86.0,264
0,0,0,0,-73,-54,0,86.0,264
0,0,0,0,-73,-54,0,86.0,264
0,0,0,0,-73,-57,0,86.0,264
0,0,0,0,-73,-57,0,86.0,264
0,0,0,0,-73,-57,0,86.0,264
0,0,0,0,-73,-57,0,86.0,264
0,-80,0,0,-73,-57,0,86.0,264
0,-80,0,0,-73,-56,0,86.0,264
0,-80,0,0,-72,-56,0,86.0,264
0,-80,0,0,-72,-54,0,86.0,264
0,-80,0,0,-72,-54,0,86.0,264
0,-80,0,0,-72,-54,0,86.0,264
0,-80,0,0,-72,-54,0,86.0,264
0,0,0,0,-72,-54,0,86.0,264
0,0,0,0,-77,-56,0,86.0,264
0,0,0,0,-77,-56,0,86.0,264
0,0,0,0,-77,-57,0,86.0,264
0,0,0,0,-77,-57,0,86.0,264
0,0,0,0,-77,-57,0,86.0,264
0,0,0,0,-77,-57,0,86.0,264
0,-80,0,0,-77,-57,0,86.0,264
0,-80,0,0,-77,-56,0,86.0,264
0,-80,0,0,-77,-56,0,86.0,264
0,-80,0,0,-77,-56,0,86.0,264
0,-80,0,0,-77,-56,0,86.0,264
0,-80,0,0,-77,-56,0,86.0,264
0,-80,0,0,-77,-56,0,86.0,264
0,0,0,0,-77,-56,0,86.0,264
0,0,0,0,-75,-53,0,86.0,264
0,0,0,0,-75,-53,0,86.0,264
0,0,0,0,-75,-53,0,86.0,264
0,0,0,0,-75,-53,0,86.0,264
0,0,0,0,-75,-53,0,86.0,264
0,0,0,0,-75,-53,0,86.0,264
0,0,0,0,-75,-53,0,86.0,264
0,0,0,0,-76,-56,0,86.0,264
0,0,0,0,-76,-56,0,86.0,264
0,0,0,0,-76,-55,0,86.0,264
0,0,0,0,-76,-55,0,86.0,264
0,0,0,0,-76,-55,0,86.0,264
0,0,0,0,-76,-55,0,86.0,264
0,-83,0,0,-76,-55,0,86.0,264
0,-83,0,0,-72,-59,0,86.0,264
0,-83,0,0,-72,-59,0,86.0,264
0,-83,0,0,-72,-59,0,86.0,264
0,-83,0,0,-72,-59,0,86.0,264
0,-83,0,0,-72,-59,0,86.0,264
0,-83,0,0,-72,-59,0,86.0,264
0,0,0,0,-72,-59,0,86.0,264
0,0,0,0,-73,-57,0,86.0,264
0,0,0,0,-72,-57,0,86.0,264
0,0,0,0,-72,-57,0,86.0,264
0,0,0,0,-72,-56,0,86.0,264
0,0,0,0,-72,-56,0,86.0,264
0,0,0,0,-72,-56,0,86.0,264
0,0,0,0,-72,-56,0,86.0,264
0,0,0,0,-74,-55,0,86.0,264
0,0,0,0,-74,-55,0,86.0,264
0,0,0,0,-74,-55,0,86.0,264
0,0,0,0,-74,-55,0,86.0,264
0,0,0,0,-74,-55,0,86.0,264
0,0,0,0,-74,-55,0,86.0,264
0,0,0,0,-74,-55,0,86.0,264
0,0,0,0,-74,-60,0,86.0,264
0,0,0,0,-71,-60,0,86.0,264
0,0,0,0,-71,-60,0,86.0,264
0,0,0,0,-71,-60,0,86.0,264
0,0,0,0,-71,-60,0,86.0,264
0,0,0,0,-71,-58,0,86.0,264
0,-83,0,0,-71,-58,0,86.0,264
0,-83,0,0,-71,-54,0,86.0,264
0,-83,0,0,-71,-54,0,86.0,264
0,-83,0,0,-71,-54,0,86.0,264
0,-83,0,0,-71,-54,0,86.0,264
0,-83,0,0,-71,-54,0,86.0,264
0,-83,0,0,-71,-55,0,86.0,264
0,-83,0,0,-71,-55,0,86.0,264
0,-83,0,0,-71,-55,0,86.0,264
0,-83,0,0,-71,-55,0,86.0,264
0,0,0,0,-71,-58,0,86.0,264
0,0,0,0,-72,-58,0,86.0,264
0,0,0,0,-72,-58,0,86.0,264
0,0,0,0,-72,-59,0,86.0,264
0,0,0,0,-72,-59,0,86.0,264
0,0,0,0,-72,-59,0,86.0,264
0,0,0,0,-72,-59,0,86.0,264
0,0,0,0,-72,-59,0,86.0,264
0,0,0,0,-84,-59,0,86.0,264
0,0,0,0,-85,-59,0,86.0,264
0,0,0,0,-85,-55,0,86.0,264
0,0,0,0,-85,-55,0,86.0,264
0,0,0,0,-85,-55,0,86.0,264
0,0,0,0,-85,-55,0,86.0,264
0,0,0,0,-85,-53,0,86.0,264
0,0,0,0,-85,-61,0,86.0,264
0,0,0,0,-85,-61,0,86.0,264
0,0,0,0,-85,-61,0,86.0,264
0,0,0,0,-85,-61,0,86.0,264
0,0,0,0,-85,-61,0,86.0,264
0,0,0,0,-68,-61,0,86.0,264
0,0,0,0,-68,-61,0,86.0,264
0,0,0,0,-68,-65,0,86.0,264
0,0,0,0,-68,-65,0,86.0,264
0,0,0,0,-68,-65,0,86.0,264
0,0,0,0,-68,-65,0,86.0,264
0,0,0,0,-68,-65,0,86.0,264
0,0,0,0,-76,-65,0,86.0,264
0,0,0,0,-76,-65,0,86.0,264
0,0,0,0,-76,-65,0,86.0,264
0,0,0,0,-76,-65,0,86.0,264
0,0,0,0,-76,-65,0,86.0,264
0,0,0,0,-76,-65,0,86.0,264
0,0,0,0,-76,-65,0,86.0,264
0,0,0,0,-85,-62,0,86.0,264
0,0,0,0,-84,-62,0,86.0,264
0,0,0,0,-84,-64,0,86.0,264
0,0,0,0,-84,-64,0,86.0,264
0,0,0,0,-84,-64,0,86.0,264
0,0,0,0,-84,-64,0,86.0,264
0,0,0,0,-84,-64,0,86.0,264
0,0,0,0,-75,-64,0,86.0,264
0,0,0,0,-75,-64,0,86.0,264
0,0,0,0,-75,-52,0,86.0,264
0,0,0,0,-75,-52,0,86.0,264
0,0,0,0,-75,-52,0,86.0,264
0,0,0,0,-75,-52,0,86.0,264
0,-83,0,0,-75,-52,0,86.0,264
0,-83,0,0,-76,-54,0,86.0,264
0,-83,0,0,-76,-54,0,86.0,264
0,-83,0,0,-76,-52,0,86.0,264
0,-83,0,0,-76,-52,0,86.0,264
0,-83,0,0,-76,-52,0,86.0,264
0,-83,0,0,-76,-52,0,86.0,264
0,0,0,0,-76,-52,0,86.0,264
0,0,0,0,-75,-54,0,86.0,264
0,0,0,0,-74,-54,0,86.0,264
0,0,0,0,-74,-53,0,86.0,264
0,0,0,0,-74,-53,0,86.0,264
0,0,0,0,-74,-53,0,86.0,264
0,0,0,0,-74,-53,0,86.0,264
0,0,0,0,-74,-53,0,86.0,264
0,0,0,0,-76,-53,0,86.0,264
0,0,0,0,-76,-53,0,86.0,264
0,0,0,0,-76,-51,0,86.0,264
0,0,0,0,-76,-51,0,86.0,264
0,0,0,0,-76,-51,0,86.0,264
0,0,0,0,-76,-51,0,86.0,264
0,0,0,0,-76,-51,0,86.0,264
0,0,0,0,-76,-57,0,86.0,264
0,0,0,0,-76,-57,0,86.0,264
0,0,0,0,-76,-57,0,86.0,264
0,0,0,0,-76,-55,0,86.0,264
0,0,0,0,-76,-55,0,86.0,264
0,0,0,0,-78,-56,0,86.0,264
0,0,0,0,-78,-56,0,86.0,264
0,0,0,0,-78,-57,0,86.0,264
0,0,0,0,-78,-57,0,86.0,264
0,0,0,0,-78,-57,0,86.0,264
0,0,0,0,-78,-57,0,86.0,264
0,0,0,0,-78,-57,0,86.0,264
0,0,0,0,-87,-55,0,86.0,264
0,0,0,0,-88,-55,0,86.0,264
0,0,0,0,-88,-61,0,86.0,264
0,0,0,0,-88,-61,0,86.0,264
0,0,0,0,-88,-61,0,86.0,264
0,0,0,0,-88,-61,0,86.0,264
0,0,0,0,-88,-73,0,86.0,264
0,0,0,0,-76,-61,0,86.0,264
0,0,0,0,-76,-61,0,86.0,264
0,0,0,0,-76,-60,0,86.0,264
0,0,0,0,-76,-60,0,86.0,264
0,0,0,0,-76,-60,0,86.0,264
0,0,0,0,-76,-60,0,86.0,264
0,0,0,0,-76,-60,0,86.0,264
0,0,0,0,-77,-55,0,86.0,264
0,0,0,0,-76,-55,0,86.0,264
0,0,0,0,-76,-61,0,86.0,264
0,0,0,0,-76,-61,0,86.0,264
0,0,0,0,-76,-61,0,86.0,264
0,0,0,0,-76,-61,0,86.0,264
0,0,0,0,-76,-61,0,86.0,264
0,0,0,0,-69,-59,0,86.0,264
0,0,0,0,-70,-59,0,86.0,264
0,0,0,0,-70,-67,0,86.0,264
0,0,0,0,-70,-67,0,86.0,264
0,0,0,0,-70,-67,0,86.0,264
0,0,0,0,-70,-67,0,86.0,264
0,-79,0,0,-70,-67,0,86.0,264
0,-79,0,0,-65,-57,0,86.0,264
0,-79,0,0,-64,-57,0,86.0,264
0,-79,0,0,-64,-65,0,86.0,264
0,-79,0,0,-64,-65,0,86.0,264
0,-79,0,0,-64,-65,0,86.0,264
0,-79,0,0,-64,-65,0,86.0,264
0,0,0,0,-64,-65,0,86.0,264
0,0,0,0,-69,-71,0,86.0,264
0,0,0,0,-69,-71,0,86.0,264
0,0,0,0,-69,-70,0,86.0,264
0,0,0,0,-69,-70,0,86.0,264
0,0,0,0,-69,-70,0,86.0,264
0,0,0,0,-69,-70,0,86.0,264
0,0,0,0,-69,-70,0,86.0,264
0,0,0,0,-64,-64,0,86.0,264
0,0,0,0,-64,-64,0,86.0,264
0,0,0,0,-64,-74,0,86.0,264
0,0,0,0,-64,-74,0,86.0,264
0,0,0,0,-64,-74,0,86.0,264
0,0,0,0,-64,-74,0,86.0,264
0,0,0,0,-64,-74,0,86.0,264
0,0,0,0,-52,-65,0,86.0,264
0,0,0,0,-52,-65,0,86.0,264
0,0,0,0,-52,-65,0,86.0,264
0,0,0,0,-52,-56,0,86.0,264
0,0,0,0,-52,-56,0,86.0,264
0,0,0,0,-52,-56,0,86.0,264
0,0,0,0,-52,-56,0,86.0,264
0,0,0,0,-55,-67,0,86.0,264
0,0,0,0,-56,-67,0,86.0,264
0,0,0,0,-56,-54,0,86.0,264
0,0,0,0,-56,-54,0,86.0,264
0,0,0,0,-56,-54,0,86.0,264
0,0,0,0,-56,-54,0,86.0,264
0,0,0,0,-56,-54,0,86.0,264
0,0,0,0,-53,-55,0,86.0,264
0,0,0,0,-53,-55,0,86.0,264
0,0,0,0,-53,-58,0,86.0,264
0,0,0,0,-53,-64,0,86.0,264
0,0,0,0,-53,-64,0,86.0,264
0,0,0,0,-53,-64,0,86.0,264
0,0,0,0,-53,-64,0,86.0,264
0,0,0,0,-55,-59,0,86.0,264
0,0,0,0,-57,-59,0,86.0,264
0,0,0,0,-57,-52,0,86.0,264
0,0,0,0,-57,-52,0,86.0,264
0,0,0,0,-57,-52,0,86.0,264
0,0,0,0,-57,-52,0,86.0,264
0,0,0,0,-57,-52,0,86.0,264
0,0,0,0,-62,-62,0,86.0,264
0,0,0,0,-61,-62,0,86.0,264
0,0,0,0,-61,-53,0,86.0,264
0,0,0,0,-61,-58,0,86.0,264
0,0,0,0,-61,-58,0,86.0,264
0,0,0,0,-61,-58,0,86.0,264
0,0,0,0,-61,-58,0,86.0,264
0,0,0,0,-58,-60,0,86.0,264
0,0,0,0,-57,-60,0,86.0,264
0,0,0,0,-57,-60,0,86.0,264
0,0,0,0,-57,-60,0,86.0,264
0,0,0,0,-57,-60,0,86.0,264
0,0,0,0,-57,-60,0,86.0,264
0,0,0,0,-57,-60,0,86.0,264
0,0,0,0,-59,-64,0,86.0,264
0,0,0,0,-59,-64,0,86.0,264
0,0,0,0,-59,-64,0,86.0,264
0,0,0,0,-59,-64,0,86.0,264
0,0,0,0,-59,-64,0,86.0,264
0,0,0,0,-59,-57,0,86.0,264
0,0,0,0,-59,-57,0,86.0,264
0,0,0,0,-62,-57,0,86.0,264
0,0,0,0,-62,-57,0,86.0,264
0,0,0,0,-62,-63,0,86.0,264
0,0,0,0,-62,-63,0,86.0,264
0,0,0,0,-62,-63,0,86.0,264
0,0,0,0,-62,-63,0,86.0,264
0,0,0,0,-62,-63,0,86.0,264
0,0,0,0,-53,-78,0,86.0,264
0,0,0,0,-53,-78,0,86.0,264
0,0,0,0,-53,-77,0,86.0,264
0,0,0,0,-53,-77,0,86.0,264
0,0,0,0,-53,-77,0,86.0,264
0,0,0,0,-53,-61,0,86.0,264
0,0,0,0,-53,-61,0,86.0,264
0,0,0,0,-68,-84,0,86.0,264
0,0,0,0,-68,-84,0,86.0,264
0,0,0,0,-68,-65,0,86.0,264
0,0,0,0,-68,-65,0,86.0,264
0,0,0,0,-68,-65,0,86.0,264
0,0,0,0,-68,-65,0,86.0,264
0,0,0,0,-68,-65,0,86.0,264
0,0,0,0,-63,-67,0,86.0,264
0,0,0,0,-62,-67,0,86.0,264
0,0,0,0,-62,-72,0,86.0,264
0,0,0,0,-62,-72,0,86.0,264
0,0,0,0,-62,-72,0,86.0,264
0,0,0,0,-62,-72,0,86.0,264
0,0,0,0,-62,-72,0,86.0,264
0,0,0,0,-62,-62,0,86.0,264
0,0,0,0,-62,-62,0,86.0,264
0,0,0,0,-62,-62,0,86.0,264
0,0,0,0,-62,-62,0,86.0,264
0,0,0,0,-62,-62,0,86.0,264
0,0,0,0,-76,-65,0,86.0,264
0,0,0,0,-77,-65,0,86.0,264
0,0,0,0,-77,-65,0,86.0,264
0,0,0,0,-77,-65,0,86.0,264
0,0,0,0,-77,-65,0,86.0,264
0,0,0,0,-77,-65,0,86.0,392
0,0,0,0,-77,-65,0,86.0,392
0,-79,0,0,-77,-65,0,86.0,392
0,-79,0,0,-68,-72,0,86.0,392
0,-79,0,0,-68,-72,0,86.0,392
0,-79,0,0,-68,-72,0,86.0,392
0,-79,0,0,-68,-65,0,86.0,392
0,-79,0,0,-68,-65,0,86.0,392
0,0,0,0,-68,-65,0,86.0,392
0,0,0,0,-68,-79,0,86.0,392
0,0,-83,0,-68,-79,0,86.0,392
0,0,-83,0,-68,-79,0,86.0,392
0,0,-83,0,-68,-79,0,86.0,392
0,0,-83,0,-68,-83,0,86.0,392
0,0,-80,0,-68,-83,0,86.0,392
0,0,-80,0,-68,-83,0,86.0,392
0,0,-80,0,-67,-64,0,86.0,392
0,0,-80,0,-67,-64,0,86.0,392
0,0,-80,0,-67,-64,0,86.0,392
0,0,-80,0,-67,-63,0,86.0,392
0,0,-79,0,-67,-63,0,86.0,392
0,0,-79,0,-67,-63,0,86.0,392
0,-82,-79,0,-67,-63,0,86.0,392
0,-82,-79,0,-67,-64,0,86.0,392
0,-82,-72,0,-67,-64,0,86.0,392
0,-82,-72,0,-67,-64,0,86.0,392
0,0,-72,0,-67,-63,0,86.0,392
0,0,-72,0,-75,-63,0,86.0,392
0,0,-72,0,-75,-72,0,86.0,392
0,0,-72,0,-75,-72,0,86.0,392
0,0,-76,0,-75,-72,0,86.0,392
0,0,-76,-77,-75,-72,0,86.0,392
0,0,-76,-77,-75,-72,0,86.0,392
0,0,-76,-77,-80,-72,0,86.0,392
0,0,-76,-77,-82,-72,0,86.0,392
0,0,-76,-77,-82,-76,0,86.0,392
0,0,-76,-77,-82,-76,0,86.0,392
0,0,-80,-77,-82,-76,0,86.0,392
0,0,-80,-78,-82,-76,0,86.0,392
0,0,-80,-78,-82,-68,0,86.0,392
0,0,-80,-78,-77,-68,0,86.0,392
0,0,-80,-78,-77,-68,0,86.0,392
0,0,-80,-78,-77,-66,0,86.0,392
0,0,-80,-78,-77,-66,0,86.0,392
0,0,-60,-78,-77,-66,0,86.0,392
0,0,-60,0,-77,-66,0,86.0,392
0,0,-60,0,-77,-66,0,86.0,392
0,0,-60,0,-77,-77,0,86.0,392
0,0,-60,0,-77,-77,0,86.0,392
0,0,-55,0,-77,-77,0,86.0,392
0,0,-55,0,-77,-77,0,86.0,392
0,0,-55,0,-77,-77,0,86.0,392
0,0,-55,0,-80,-70,0,86.0,392
0,0,-55,0,-79,-70,0,86.0,392
0,0,-55,0,-79,-72,0,86.0,392
0,0,-55,0,-79,-72,0,86.0,392
0,0,-50,0,-79,-72,0,86.0,392
0,0,-50,0,-79,-72,0,86.0,392
0,0,-50,0,-79,-72,0,86.0,392
0,0,-50,0,-79,-84,0,86.0,392
0,0,-50,0,-79,-84,0,86.0,392
0,0,-55,0,-79,-84,0,86.0,392
0,0,-55,0,-79,-84,0,86.0,392
0,0,-55,0,-79,-84,0,86.0,392
0,0,-55,0,-77,-70,0,86.0,392
0,0,-55,0,-77,-70,0,86.0,392
0,0,-55,0,-77,-79,0,86.0,392
0,0,-55,0,-77,-79,0,86.0,392
0,0,-55,0,-77,-79,0,86.0,392
0,0,-55,0,-77,-79,0,86.0,392
0,0,-55,0,-77,-79,0,86.0,392
0,0,-55,0,-77,-79,0,86.0,392
0,0,-55,0,-77,-79,0,86.0,392
0,0,-55,0,-77,-65,0,86.0,392
0,0,-55,0,-77,-65,0,86.0,392
0,0,-61,0,-77,-65,0,86.0,392
0,0,-61,0,-77,-65,0,86.0,392
0,0,-61,0,-77,-65,0,86.0,392
0,0,-61,0,-84,-75,0,86.0,392
0,0,-61,0,-83,-75,0,86.0,392
0,0,-61,0,-83,-76,0,86.0,392
0,0,-61,0,-83,-76,0,86.0,392
0,0,-60,0,-83,-76,0,86.0,392
0,0,-60,-83,-83,-76,0,86.0,392
0,0,-60,-83,-83,-76,0,86.0,392
0,0,-60,-83,-83,-88,0,86.0,392
0,0,-60,-83,-83,-88,0,86.0,392
0,0,-56,-83,-83,-88,0,86.0,392
0,0,-56,-83,-83,-88,0,86.0,392
0,0,-56,-83,-83,-88,0,86.0,392
0,0,-56,-83,-84,-91,0,86.0,392
0,0,-56,-83,-83,-91,0,86.0,392
0,0,-56,-83,-83,127,0,86.0,392
0,0,-52,-83,-83,127,0,86.0,392
0,0,-52,-83,-83,127,0,86.0,392
0,0,-52,-83,-83,127,0,86.0,392
0,0,-52,-83,-80,-69,0,86.0,392
0,0,-52,-83,-80,-69,0,86.0,392
0,0,-52,-83,-80,-72,0,86.0,392
0,0,-54,-83,-80,-72,0,86.0,392
0,0,-54,0,-80,-72,0,86.0,392
0,0,-54,0,-80,-72,0,86.0,392
0,0,-54,0,-83,-97,0,86.0,392
0,0,-54,0,-82,-97,0,86.0,392
0,0,-54,0,-82,-87,0,86.0,392
0,0,-55,0,-82,-87,0,86.0,392
0,0,-55,0,-82,-87,0,86.0,392
0,0,-55,0,-82,-69,0,86.0,392
0,0,-55,0,-82,-73,0,86.0,392
0,0,-55,0,-82,-73,0,86.0,392
0,0,-55,0,-82,-73,0,86.0,392
0,0,-55,0,-82,-73,0,86.0,392
0,0,-55,0,-82,-68,0,86.0,392
0,0,-55,0,-82,-76,0,86.0,392
0,0,-55,0,-82,-76,0,86.0,392
0,0,-55,0,-82,-76,0,86.0,392
0,0,-55,0,-82,-76,0,86.0,392
0,0,-55,0,-78,-75,0,86.0,392
0,0,-55,0,-78,-75,0,86.0,392
0,0,-55,0,-78,-79,0,86.0,392
0,0,-55,0,-78,-79,0,86.0,392
0,0,-55,0,-78,-79,0,86.0,392
0,0,-55,0,-78,-79,0,86.0,392
0,0,-55,0,-80,-70,0,86.0,392
0,0,-55,0,-80,-67,0,86.0,392
0,0,-59,0,-80,-67,0,86.0,392
0,0,-59,0,-80,-67,0,86.0,392
0,0,-59,0,-80,-72,0,86.0,392
0,0,-59,0,-80,-83,0,86.0,392
0,0,-62,0,-80,-83,0,86.0,392
0,0,-62,0,-80,-83,0,86.0,392
0,0,-62,0,-80,-83,0,86.0,392
0,0,-62,0,-84,-92,0,86.0,392
0,0,-62,0,-85,-92,0,86.0,392
0,0,-57,0,-85,-89,0,86.0,392
0,0,-57,0,-85,-89,0,86.0,392
0,0,-57,0,-85,-89,0,86.0,392
0,0,-57,0,-79,-71,0,86.0,392
0,0,-57,0,-79,-71,0,86.0,392
0,0,-53,0,-79,-92,0,86.0,392
0,0,-53,-83,-79,-92,0,86.0,392
0,0,-53,-83,-79,-92,0,86.0,392
0,0,-53,-83,-82,-72,0,86.0,392
0,0,-53,-83,127,-72,0,86.0,392
0,0,-53,-83,127,-90,0,86.0,392
0,0,-53,-83,127,-90,0,86.0,392
0,0,-53,-83,127,-90,0,86.0,392
0,0,-53,-83,-79,-69,0,86.0,392
0,0,-53,-83,-80,-69,0,86.0,392
0,0,-62,-83,-80,-74,0,86.0,392
0,0,-62,0,-80,-74,0,86.0,392
0,0,-62,0,-80,-74,0,86.0,392
0,0,-62,0,-79,-74,0,86.0,392
0,0,-62,0,-80,-74,0,86.0,392
0,0,-61,0,-80,-73,0,86.0,392
0,0,-61,-89,-80,-73,0,86.0,392
0,0,-61,-89,-80,-73,0,86.0,392
0,0,-61,-89,-84,-68,0,86.0,392
0,0,-61,-89,-82,-68,0,86.0,392
0,0,-61,-89,-82,-73,0,86.0,392
0,0,-61,-83,-82,-73,0,86.0,392
0,0,-61,-83,-82,-73,0,86.0,392
0,0,-61,-83,-81,-73,0,86.0,392
0,0,-61,-83,-82,-73,0,86.0,392
0,0,-53,-83,-82,-71,0,86.0,392
0,0,-53,0,-82,-71,0,86.0,392
0,0,-53,0,-82,-71,0,86.0,392
0,0,-53,0,-81,-69,0,86.0,392
0,0,-53,0,-81,-69,0,86.0,392
0,0,-53,0,-81,-77,0,86.0,392
0,0,-53,-83,-81,-77,0,86.0,392
0,0,-53,-83,-81,-77,0,86.0,392
0,0,-53,-83,-81,-67,0,86.0,392
0,0,-53,-79,-81,-67,0,86.0,392
0,0,-53,-79,-81,-67,0,86.0,392
0,0,-53,-79,-81,-69,0,86.0,392
0,0,-53,-79,-81,-69,0,86.0,392
0,0,-54,-79,-81,-68,0,86.0,392
0,0,-54,-84,-81,-68,0,86.0,392
0,0,-54,-84,-81,-68,0,86.0,392
0,0,-54,-84,-82,-65,0,86.0,392
0,0,-54,-84,-83,-65,0,86.0,392
0,0,-55,-84,-83,-71,0,86.0,392
0,0,-55,-85,-83,-71,0,86.0,392
0,0,-55,-85,-83,-71,0,86.0,392
0,0,-55,-85,-84,-69,0,86.0,392
0,0,-55,-85,-85,-69,0,86.0,392
0,0,-55,-85,-85,-60,0,86.0,392
0,0,-58,-85,-85,-60,0,86.0,392
0,0,-58,-81,-85,-60,0,86.0,392
0,0,-58,-81,-85,-60,0,86.0,392
0,0,-58,-81,-81,-69,0,86.0,392
0,0,-58,-81,-81,-69,0,86.0,392
0,0,-58,-81,-81,-73,0,86.0,392
0,0,-60,-81,-81,-73,0,86.0,392
0,0,-60,0,-81,-73,0,86.0,392
0,0,-60,0,-81,-73,0,86.0,392
0,0,-60,0,-74,-63,0,86.0,392
0,0,-60,0,-74,-63,0,86.0,392
0,0,-60,0,-74,-63,0,86.0,392
0,0,-63,0,-74,-63,0,86.0,392
0,0,-63,0,-74,-63,0,86.0,392
0,0,-63,0,-74,-63,0,86.0,392
0,0,-63,0,-68,-78,0,86.0,392
0,0,-63,0,-68,-78,0,86.0,392
0,0,-63,0,-68,-71,0,86.0,392
0,0,-63,0,-68,-71,0,86.0,392
0,0,-73,0,-68,-71,0,86.0,392
0,0,-73,0,-68,-71,0,86.0,392
0,0,-73,0,-68,-71,0,86.0,392
0,0,-73,0,-77,-60,0,86.0,392
0,0,-73,0,-76,-60,0,86.0,392
0,0,-73,0,-76,-60,0,86.0,392
0,0,-73,0,-76,-60,0,86.0,392
0,0,-82,0,-76,-60,0,86.0,392
0,0,-82,0,-76,-60,0,86.0,392
0,0,-82,0,-76,-60,0,86.0,392
0,0,-82,0,-69,-73,0,86.0,392
0,0,-82,0,127,-73,0,86.0,392
0,0,-82,0,127,-73,0,86.0,392
0,0,-82,0,127,-73,0,86.0,392
0,0,-82,0,127,-73,0,86.0,392
0,0,-82,0,127,-73,0,86.0,392
0,-88,-82,0,127,-73,0,86.0,392
0,-88,-82,0,127,-68,0,86.0,392
0,-88,-82,0,-66,-68,0,86.0,392
0,-88,-82,0,-67,-68,0,86.0,392
0,-88,-82,0,-67,-68,0,86.0,392
0,-88,-83,0,-67,-68,0,86.0,392
0,-88,-83,0,-67,-68,0,86.0,264
0,-88,-83,0,-67,-68,0,86.0,264
0,-77,-83,0,-67,-74,0,86.0,264
0,-77,-83,0,-67,-63,0,86.0,264
0,-77,-83,0,-67,-62,0,86.0,264
0,-77,-80,0,-67,-62,0,86.0,264
0,-77,-80,-86,-67,-62,0,86.0,264
0,-77,-80,-86,-73,-62,0,86.0,264
0,-77,-80,-86,-73,-62,0,86.0,264
0,0,-80,-86,-73,-62,0,86.0,264
0,0,-80,-86,-73,-72,0,86.0,264
0,0,-80,-86,-73,-72,0,86.0,264
0,0,-78,-86,-73,-72,0,86.0,264
0,0,-78,-86,-63,-72,0,86.0,264
0,0,-78,-86,-64,-72,0,86.0,264
0,0,-78,-79,-64,-72,0,86.0,264
0,0,-78,-79,-64,-72,0,86.0,264
0,0,-78,-79,-64,-68,0,86.0,264
0,0,-78,-79,-64,-68,0,86.0,264
0,0,0,-79,-64,-68,0,86.0,264
0,0,0,-77,-64,127,0,86.0,264
0,0,0,-77,-64,127,0,86.0,264
0,0,0,-77,-66,127,0,86.0,264
0,0,0,-77,-68,127,0,86.0,264
0,0,0,-77,-68,-65,0,86.0,264
0,0,0,-77,-68,-65,0,86.0,264
0,0,0,-77,-68,-65,0,86.0,264
0,0,0,-74,-68,-65,0,86.0,264
0,0,0,-74,-68,-65,0,86.0,264
0,0,0,-74,-67,-64,0,86.0,264
0,0,0,-74,-67,-64,0,86.0,264
0,0,0,-74,-67,-67,0,86.0,264
0,0,0,-74,-67,-67,0,86.0,264
0,0,0,-74,-67,-67,0,86.0,264
0,0,0,-74,-67,-67,0,86.0,264
0,0,0,-74,-67,-67,0,86.0,264
0,0,0,-74,-66,-67,0,86.0,264
0,0,0,-74,-66,-67,0,86.0,264
0,0,0,-74,-66,-73,0,86.0,264
0,0,0,-74,-66,-73,0,86.0,264
0,0,0,-74,-66,-73,0,86.0,264
0,0,0,-80,-66,-73,0,86.0,264
0,0,0,-80,-66,-73,0,86.0,264
0,0,0,-80,-59,-72,0,86.0,264
0,0,0,-80,-59,-72,0,86.0,264
0,0,0,-80,-59,-68,0,86.0,264
0,0,0,-80,-59,-68,0,86.0,264
0,0,0,-80,-59,-68,0,86.0,264
0,0,0,-82,-59,-68,0,86.0,264
0,0,0,-82,-59,-68,0,86.0,264
0,0,0,-82,-70,-78,0,86.0,264
0,0,0,-82,-70,-78,0,86.0,264
0,0,0,-82,-70,-72,0,86.0,264
0,0,0,-82,-70,-72,0,86.0,264
0,0,-82,-82,-70,-72,0,86.0,264
0,0,-82,-78,-70,-72,0,86.0,264
0,0,-82,-78,-70,-72,0,86.0,264
0,0,-82,-78,-72,-67,0,86.0,264
0,0,-82,-78,-72,-67,0,86.0,264
0,0,-82,-78,-72,-70,0,86.0,264
0,0,-82,-78,-72,-70,0,86.0,264
0,0,-83,-78,-72,-70,0,86.0,264
0,0,-83,-79,-72,-70,0,86.0,264
0,0,-83,-79,-72,-70,0,86.0,264
0,0,-83,-79,-66,-68,0,86.0,264
0,0,-83,-79,-67,-68,0,86.0,264
0,0,-83,-79,-67,-73,0,86.0,328
0,0,-83,-79,-67,-71,0,86.0,328
0,0,-83,-79,-67,-71,0,86.0,328
0,0,-83,-79,-67,-71,0,86.0,328
0,0,-83,-76,-67,-71,0,86.0,328
0,0,-83,-76,-67,-71,0,86.0,328
0,0,-83,-76,-61,-71,0,86.0,328
0,0,-83,-76,-61,-71,0,86.0,328
0,0,-83,-76,-61,-69,0,86.0,328
0,0,-83,-76,-61,-69,0,86.0,328
0,0,-80,-76,-61,-69,0,86.0,328
0,0,-80,-77,-61,-69,0,86.0,328
0,0,-80,-77,-61,-69,0,86.0,328
0,0,-80,-77,-71,-70,0,86.0,328
0,0,-80,-77,-71,-85,0,86.0,328
0,0,-81,-77,-71,-85,0,86.0,328
0,0,-81,-79,-71,-85,0,86.0,328
0,0,-81,-79,-71,-85,0,86.0,328
0,0,-81,-79,-74,-64,0,86.0,328
0,0,-81,-79,-74,-64,0,86.0,328
0,0,-81,-79,-74,-71,0,86.0,328
0,0,0,-79,-74,-71,0,86.0,328
0,0,0,-76,-74,-71,0,86.0,328
0,0,0,-76,-74,-71,0,86.0,328
0,0,0,-76,-74,-64,0,86.0,328
0,0,0,-76,-74,-64,0,86.0,328
0,0,0,-79,-74,-64,0,86.0,328
0,0,0,-79,-74,-64,0,86.0,328
0,0,0,-79,-84,-65,0,86.0,328
0,0,0,-79,-84,-65,0,86.0,328
0,0,0,-79,-84,-71,0,86.0,328
0,0,-82,-79,-84,-71,0,86.0,328
0,0,-82,-76,-84,-71,0,86.0,328
0,0,-82,-76,-84,-71,0,86.0,328
0,0,-82,-76,-84,-60,0,86.0,328
0,0,-84,-76,-84,-60,0,86.0,328
0,0,-84,-71,-84,-60,0,86.0,328
0,0,-84,-71,-84,-60,0,86.0,328
0,0,-84,-71,-72,-61,0,86.0,328
0,0,-84,-71,-72,-61,0,86.0,328
0,0,-84,-71,-72,-58,0,86.0,1352
0,0,-84,-71,-72,-66,0,86.0,1352
0,0,0,-71,-72,-66,0,86.0,1352
0,0,0,0,-72,-66,0,86.0,1352
0,0,0,0,-72,-66,0,86.0,1352
0,0,0,0,-71,-76,0,86.0,1352
0,0,0,0,-72,-76,0,86.0,1352
0,0,0,0,-72,-66,0,86.0,1352
0,0,-80,0,-72,-64,0,86.0,1352
0,0,-80,-79,-72,-64,0,86.0,1352
0,0,-80,-79,-72,-64,0,86.0,1352
0,0,-80,-79,-68,127,0,86.0,1352
0,0,-80,-79,-68,127,0,86.0,1352
0,0,-82,-79,-68,-63,0,86.0,1352
0,0,-82,-73,-68,-63,0,86.0,1352
0,0,-82,-73,-68,-63,0,86.0,1352
0,0,0,-73,-68,-66,0,86.0,1352
0,0,0,0,-68,-66,0,86.0,1352
0,0,0,0,-68,-80,0,86.0,1352
0,0,-73,0,-68,-62,0,86.0,1352
0,0,-73,0,-68,-62,0,86.0,1352
0,0,-73,0,-68,-62,0,86.0,1352
0,0,-73,0,-75,-64,0,86.0,1352
0,0,-73,0,-74,-64,0,86.0,1352
0,0,-73,0,-74,-64,0,86.0,1352
0,0,-73,-89,-74,-64,0,86.0,1352
0,0,-73,-89,-74,-69,0,86.0,1352
0,0,-73,-89,-79,-81,0,86.0,1352
0,0,-73,-89,-79,-81,0,86.0,1352
0,0,0,-89,-79,-69,0,86.0,1352
0,0,0,-85,-79,-69,0,86.0,1352
0,0,0,-85,-79,-69,0,86.0,1352
0,0,0,-85,-79,-69,0,86.0,1352
0,0,0,-81,-79,-69,0,86.0,1352
0,0,0,-81,-79,-69,0,86.0,1352
0,0,0,-81,-73,-70,0,86.0,1352
0,0,0,-81,-74,-70,0,86.0,1352
0,0,0,-81,-74,-64,0,86.0,1352
0,0,0,-73,-74,-64,0,86.0,1352
0,0,0,-73,-74,-64,0,86.0,1352
0,0,0,-73,-71,-60,0,86.0,1352
0,0,0,-73,-72,-60,0,86.0,1352
0,0,-81,-73,-72,-75,0,86.0,1352
0,0,-81,-73,-72,-75,0,86.0,1352
0,0,-81,-73,-72,-75,0,86.0,1352
0,0,-79,-73,-72,-64,0,86.0,1352
0,0,-79,-73,-72,-64,0,86.0,1352
0,0,-79,-73,-72,-64,0,86.0,1352
0,0,-82,-73,-72,-73,0,86.0,1352
0,0,-82,-74,-72,-73,0,86.0,1352
0,0,-82,-74,-72,-73,0,86.0,1352
0,0,-82,-74,-74,-69,0,86.0,1352
0,0,-82,-74,-74,-69,0,86.0,1352
0,0,-82,-74,-74,-80,0,86.0,1352
0,0,-82,-75,-74,-80,0,86.0,1352
0,0,-82,-75,-74,-80,0,86.0,1352
0,0,-82,-75,-71,-65,0,86.0,1352
0,0,-82,-75,-71,-65,0,86.0,1352
0,0,-82,-75,-71,-65,0,86.0,1352
0,0,-82,-82,-71,-65,0,86.0,1352
0,0,-82,-82,-71,-65,0,86.0,1352
0,0,-82,-82,-68,-76,0,86.0,1352
0,0,-82,-82,-68,-76,0,86.0,1352
0,0,-82,-82,-68,-76,0,86.0,1352
0,0,-82,-86,-68,-80,0,86.0,1352
0,0,-82,-86,-68,-80,0,86.0,1352
0,0,-82,-86,-66,-64,0,86.0,1352
0,0,-82,-86,-65,-64,0,86.0,1352
0,0,-80,-86,-65,-64,0,86.0,1352
0,0,-80,-82,-65,-64,0,86.0,1352
0,0,-80,-82,-65,-64,0,86.0,1352
0,0,-80,-82,-70,-83,0,86.0,1352
0,0,-80,-82,-70,-83,0,86.0,1352
0,0,-79,-82,-70,-83,0,86.0,1352
0,0,-79,-76,-70,-83,0,86.0,1352
0,0,-79,-76,-70,-60,0,86.0,1352
0,0,-79,-76,-72,-68,0,86.0,1352
0,0,-79,-76,-72,-68,0,86.0,1352
0,0,-81,-76,-72,-68,0,86.0,1352
0,0,-81,-71,-72,-68,0,86.0,1352
0,0,-81,-71,-72,-68,0,86.0,1352
0,0,-79,-71,-72,-59,0,86.0,1352
0,0,-79,-72,-72,-59,0,86.0,1352
0,0,-79,-72,-72,-59,0,86.0,1352
0,0,-79,-72,-66,-69,0,86.0,1352
0,0,-79,-72,-64,-69,0,86.0,1352
0,0,-77,-72,-64,-69,0,86.0,1352
0,0,-77,-73,-64,-69,0,86.0,1352
0,0,-77,-73,-64,-69,0,86.0,1352
0,0,-77,-73,-67,-60,0,86.0,1352
0,0,-77,-73,-67,-60,0,86.0,1352
0,0,-82,-73,-67,-60,0,86.0,1352
0,0,-82,-74,-67,-60,0,86.0,1352
0,0,-82,-74,-67,-60,0,86.0,1352
0,0,0,-74,-67,-76,0,86.0,1352
0,0,0,-81,-67,-76,0,86.0,1352
0,0,0,-81,-69,-76,0,86.0,1352
0,0,0,-81,-70,-76,0,86.0,1352
0,0,0,-81,-70,-76,0,86.0,1352
0,0,0,-81,-70,-69,0,86.0,328
0,0,-82,-81,-70,-69,0,86.0,328
0,0,-82,0,-70,-69,0,86.0,328
0,0,-82,0,-70,-69,0,86.0,328
0,0,-82,0,-75,-69,0,86.0,328
0,0,-82,0,-75,-69,0,86.0,328
0,0,-85,0,-75,-73,0,86.0,328
0,0,-85,0,-75,-73,0,86.0,328
0,0,-85,0,-75,-73,0,86.0,328
0,0,-85,0,-71,-73,0,86.0,328
0,0,-85,0,-72,-73,0,86.0,328
0,0,-85,0,-72,-63,0,86.0,328
0,0,-85,-76,-72,-63,0,86.0,328
0,0,-85,-76,-72,-63,0,86.0,328
0,0,-84,-76,-72,-65,0,86.0,328
0,0,-84,-79,-72,-65,0,86.0,328
0,0,-84,-79,-72,-65,0,86.0,328
0,0,0,-79,-72,-70,0,86.0,328
0,0,0,-83,-72,-70,0,86.0,328
0,0,0,-83,-72,-70,0,86.0,328
0,0,0,-83,-68,-61,0,86.0,328
0,0,0,-83,-68,-61,0,86.0,328
0,0,-83,-83,-68,-69,0,86.0,328
0,0,-83,0,-68,-62,0,86.0,328
0,-83,-83,0,-68,-61,0,86.0,328
0,-83,-83,0,-67,-69,0,86.0,328
0,-83,-83,0,-67,-56,0,86.0,328
0,-83,-83,0,-67,-56,0,86.0,328
0,-83,-84,0,-67,-56,0,86.0,328
0,-83,-84,0,-67,-56,0,86.0,328
0,-81,-84,0,-67,-56,0,86.0,328
0,-81,-84,0,-67,-77,0,86.0,328
0,-81,-84,0,-67,-77,0,86.0,328
0,-81,0,0,-67,-77,0,86.0,328
0,-81,0,-84,-67,-69,0,86.0,328
0,-88,0,-84,-67,-69,0,86.0,328
0,-88,0,-84,-70,-69,0,86.0,328
0,-88,0,-84,-70,-69,0,86.0,328
0,-88,0,-84,-70,-78,0,86.0,264
0,-88,0,-84,-70,-67,0,86.0,264
0,-88,0,-84,-70,-67,0,86.0,264
0,-88,-83,-84,-70,-67,0,86.0,264
0,-88,-83,-81,-70,-67,0,86.0,264
0,0,-83,-81,-70,-67,0,86.0,264
0,0,-83,-81,-70,-66,0,86.0,264
0,0,-83,-81,-70,-66,0,86.0,264
0,0,-86,-81,-70,-70,0,86.0,264
0,0,-86,-85,-70,-70,0,86.0,264
0,0,-86,-85,-70,-70,0,86.0,264
0,0,-86,-85,-73,-71,0,86.0,264
0,0,-86,-85,-74,-71,0,86.0,264
0,0,-86,-85,-74,-72,0,86.0,264
0,0,-86,-85,-74,-72,0,86.0,264
0,0,0,-85,-74,-72,0,86.0,264
0,0,0,0,-74,-72,0,86.0,264
0,0,0,0,-74,-72,0,86.0,264
0,0,0,0,-74,-69,0,86.0,264
0,0,0,0,-74,-69,0,86.0,264
0,0,0,0,-74,-69,0,86.0,264
0,0,0,0,-74,-69,0,86.0,264
0,0,0,0,-74,-69,0,86.0,264
0,0,0,0,-62,-61,0,86.0,264
0,0,0,0,-62,-61,0,86.0,264
0,0,0,0,-62,-67,0,86.0,264
0,0,0,0,-62,-67,0,86.0,264
0,0,0,0,-62,-67,0,86.0,264
0,0,0,0,-62,-67,0,86.0,264
0,0,0,0,-62,-67,0,86.0,264
0,0,0,0,-68,-63,0,86.0,264
0,0,0,0,-68,-63,0,86.0,264
0,0,0,0,-68,-63,0,86.0,264
0,0,0,0,-68,-63,0,86.0,264
0,0,0,0,-68,-63,0,86.0,264
0,0,0,-84,-68,-63,0,86.0,264
0,0,0,-84,-68,-63,0,86.0,264
0,0,0,-84,-57,-62,0,86.0,264
0,0,0,-84,-57,-62,0,86.0,264
0,0,0,-84,-57,-62,0,86.0,264
0,0,0,-84,-57,-62,0,86.0,264
0,0,0,-84,-57,-62,0,86.0,264
0,0,0,-85,-57,-62,0,86.0,264
0,0,0,-85,-57,-62,0,86.0,264
0,0,0,-85,-69,-63,0,86.0,264
0,0,0,-85,-68,-63,0,86.0,264
0,0,0,-85,-68,-63,0,86.0,264
0,0,0,-85,-68,-63,0,86.0,264
0,0,-83,-85,-68,-63,0,86.0,264
0,0,-83,0,-68,-63,0,86.0,264
0,0,-83,0,-68,-63,0,86.0,264
0,0,-83,0,-68,-74,0,86.0,264
0,0,-83,0,-68,-74,0,86.0,264
0,0,-84,0,-68,-64,0,86.0,264
0,0,-84,0,-68,-64,0,86.0,264
0,0,-84,0,-68,-64,0,86.0,264
0,0,-84,0,-57,-63,0,86.0,264
0,0,-84,0,-56,-63,0,86.0,264
0,0,-84,0,-56,-62,0,86.0,264
0,0,-84,0,-56,-62,0,86.0,264
0,0,0,0,-56,-62,0,86.0,264
0,0,0,0,-56,-62,0,86.0,264
0,0,0,0,-56,-62,0,86.0,264
0,0,0,0,-57,-61,0,86.0,264
0,0,0,0,-57,-61,0,86.0,264
0,0,0,0,-57,-59,0,86.0,264
0,0,0,0,-57,-59,0,86.0,264
0,0,0,0,-57,-59,0,86.0,264
0,0,0,0,-57,-59,0,86.0,264
0,0,0,0,-57,-59,0,86.0,264
0,0,0,0,-57,-57,0,86.0,264
0,0,0,0,-57,-57,0,86.0,264
0,0,0,0,-57,-61,0,86.0,264
0,0,0,0,-57,-61,0,86.0,264
0,0,0,0,-57,-61,0,86.0,264
0,0,0,0,-57,-61,0,86.0,264
0,0,0,0,-57,-61,0,86.0,264
0,0,0,0,-59,-60,0,86.0,264
0,0,0,0,-58,-60,0,86.0,264
0,0,0,0,-58,-62,0,86.0,264
0,0,0,0,-58,-62,0,86.0,264
0,0,0,0,-58,-62,0,86.0,264
0,0,0,0,-58,-62,0,86.0,264
0,0,0,0,-58,-62,0,86.0,264
0,0,0,0,-58,-56,0,86.0,264
0,0,0,0,-58,-52,0,86.0,264
0,0,0,0,-58,-52,0,86.0,264
0,0,0,0,-58,-52,0,86.0,264
0,0,0,0,-58,-52,0,86.0,264
0,0,0,0,-58,-52,0,86.0,264
0,0,0,0,-65,-58,0,86.0,264
0,0,0,0,-65,-58,0,86.0,264
0,0,0,0,-65,-57,0,86.0,264
0,0,0,0,-65,-57,0,86.0,264
0,0,0,0,-65,-57,0,86.0,264
0,0,0,0,-65,-57,0,86.0,264
0,0,0,0,-65,-57,0,86.0,264
0,0,0,0,-78,-60,0,86.0,264
0,0,0,0,-77,-60,0,86.0,264
0,0,0,0,-77,-64,0,86.0,264
0,0,0,0,-77,-64,0,86.0,264
0,0,0,0,-77,-64,0,86.0,264
0,0,0,0,-77,-64,0,86.0,264
0,0,0,0,-77,-64,0,86.0,264
0,0,0,0,-77,-63,0,86.0,264
0,0,0,0,-77,-63,0,86.0,264
0,0,0,0,-77,-63,0,86.0,264
0,0,0,0,-77,-63,0,86.0,264
0,0,0,0,-77,-63,0,86.0,264
0,0,0,0,-70,-60,0,86.0,264
0,0,0,0,-70,-60,0,86.0,264
0,0,0,0,-70,-58,0,86.0,264
0,0,0,0,-70,-58,0,86.0,264
0,0,-85,0,-70,-58,0,86.0,264
0,0,-85,0,-70,-58,0,86.0,264
0,0,-85,0,-70,-58,0,86.0,264
0,0,-85,0,-59,-67,0,86.0,264
0,0,-85,0,-61,-67,0,86.0,264
0,0,-85,0,-61,-62,0,86.0,264
0,0,-85,0,-61,-62,0,86.0,264
0,0,-82,0,-61,-62,0,86.0,264
0,0,-82,0,-61,-62,0,86.0,264
0,0,-82,0,-61,-62,0,86.0,264
0,0,-82,0,-61,-59,0,86.0,264
0,0,-82,0,-61,-68,0,86.0,264
0,0,0,0,-61,-68,0,86.0,264
0,0,0,0,-61,-68,0,86.0,264
0,0,0,0,-61,-68,0,86.0,264
0,0,0,0,-61,-60,0,86.0,264
0,0,0,0,-61,-60,0,86.0,264
0,0,0,0,-61,-60,0,86.0,264
0,0,0,0,-61,-60,0,86.0,264
0,0,0,0,-61,-60,0,86.0,264
0,0,0,0,-67,-57,0,86.0,264
0,0,0,0,-69,-57,0,86.0,264
0,0,0,0,-69,-57,0,86.0,264
0,0,0,0,-69,-57,0,86.0,264
0,0,0,0,-69,-55,0,86.0,264
0,0,0,0,-69,-55,0,86.0,264
0,0,0,0,-69,-55,0,86.0,264
0,0,0,0,-69,-45,0,86.0,264
0,0,0,0,-69,-45,0,86.0,264
0,0,0,0,-69,-45,0,86.0,264
0,0,0,0,-69,-45,0,86.0,264
0,0,0,0,-69,-45,0,86.0,264
0,0,0,0,-73,-49,0,86.0,264
0,0,0,0,-74,-49,0,86.0,264
0,0,0,0,-74,-49,0,86.0,264
0,0,0,0,-74,-49,0,86.0,264
0,0,0,0,-74,-58,0,86.0,264
0,0,0,0,-74,-58,0,86.0,264
0,-86,0,0,-74,-58,0,86.0,264
0,-86,0,0,127,-49,0,86.0,264
0,-86,0,0,127,-49,0,86.0,264
0,-86,0,0,127,-54,0,86.0,264
0,-86,0,0,127,-54,0,86.0,264
0,-86,0,0,127,-54,0,86.0,264
0,-86,0,0,127,-54,0,86.0,264
0,-82,0,0,127,-54,0,86.0,264
0,-82,0,0,-79,-63,0,86.0,264
0,-82,0,0,-79,-63,0,86.0,264
0,-82,0,0,-79,-63,0,86.0,264
0,-82,0,0,-79,-63,0,86.0,264
0,-82,0,0,-79,-54,0,86.0,264
0,0,0,0,-79,-54,0,86.0,264
0,0,0,0,-80,-57,0,86.0,264
0,0,0,0,-79,-57,0,86.0,264
0,0,0,0,-79,-57,0,86.0,264
0,0,0,0,-79,-57,0,86.0,264
0,0,0,0,-79,-57,0,86.0,264
0,0,0,0,-79,-57,0,86.0,264
0,0,0,0,-79,-57,0,86.0,264
0,0,0,0,-79,-67,0,86.0,264
0,0,0,0,-79,-67,0,86.0,264
0,0,0,0,-79,-67,0,86.0,264
0,0,0,0,-79,-68,0,86.0,264
0,-88,0,0,-79,-68,0,86.0,264
0,-88,0,0,-79,-78,0,86.0,264
0,-88,0,0,-79,-78,0,86.0,264
0,-88,0,0,-79,-78,0,86.0,264
0,-88,0,0,-75,-78,0,86.0,264
0,-88,0,0,-73,-78,0,86.0,264
0,-88,0,0,-73,-78,0,86.0,264
0,-81,0,0,-73,-78,0,86.0,264
0,-81,0,0,-73,-56,0,86.0,264
0,-81,0,0,-73,-56,0,86.0,264
0,-81,0,0,-73,-56,0,86.0,264
