498695190.314835,0489ee1d-8919-42ce-a130-14aa0562f48b,1,Bedroom TV
498695192.197297,ed646245-3030-4251-8320-14e228fed987,1,Bedroom Light
498695194.29832,c2bc678c-ed73-45c6-8804-bcaf645f0891,1,Kitchen Light
498695196.095314,3ec3d2ca-4624-4943-a2f6-69e222c57393,-78,Apple TV
498695196.277014,3ec3d2ca-4624-4943-a2f6-69e222c57393,-64,Apple TV
498695196.277771,3ec3d2ca-4624-4943-a2f6-69e222c57393,-64,Apple TV
498695196.458826,3ec3d2ca-4624-4943-a2f6-69e222c57393,-83,Apple TV
498695196.627529,bc3c94b6-9c70-4e2c-9205-0b5d3476c7d6,-57,MI_SCALE
498695196.633571,bc3c94b6-9c70-4e2c-9205-0b5d3476c7d6,-57,MI_SCALE
498695196.904636,EBEFD083-70A2-47C8-9837-E7B5634DF526,0,ToiletBeacon2
498695196.937178,EBEFD083-70A2-47C8-9837-E7B5634DF528,0,KitchenBeacon4
498695197.369709,3ec3d2ca-4624-4943-a2f6-69e222c57393,-54,Apple TV
498695197.371692,3ec3d2ca-4624-4943-a2f6-69e222c57393,-54,Apple TV
498695197.652462,bc3c94b6-9c70-4e2c-9205-0b5d3476c7d6,-57,MI_SCALE
498695197.652896,bc3c94b6-9c70-4e2c-9205-0b5d3476c7d6,-57,MI_SCALE
498695197.735293,3ec3d2ca-4624-4943-a2f6-69e222c57393,-56,Apple TV
498695197.878835,EBEFD083-70A2-47C8-9837-E7B5634DF524,0,KitchenBeacon0
498695197.895587,EBEFD083-70A2-47C8-9837-E7B5634DF526,0,ToiletBeacon2
498695197.917648,EBEFD083-70A2-47C8-9837-E7B5634DF528,0,KitchenBeacon4
498695198.286946,3ec3d2ca-4624-4943-a2f6-69e222c57393,-53,Apple TV
498695198.287992,3ec3d2ca-4624-4943-a2f6-69e222c57393,-53,Apple TV
498695198.470135,3ec3d2ca-4624-4943-a2f6-69e222c57393,-56,Apple TV
498695198.471198,3ec3d2ca-4624-4943-a2f6-69e222c57393,-56,Apple TV
498695198.656335,3ec3d2ca-4624-4943-a2f6-69e222c57393,-55,Apple TV
498695198.657359,3ec3d2ca-4624-4943-a2f6-69e222c57393,-56,Apple TV
498695198.674282,bc3c94b6-9c70-4e2c-9205-0b5d3476c7d6,-72,MI_SCALE
498695198.675608,bc3c94b6-9c70-4e2c-9205-0b5d3476c7d6,-71,MI_SCALE
498695198.837154,3ec3d2ca-4624-4943-a2f6-69e222c57393,-63,Apple TV
498695198.83812,3ec3d2ca-4624-4943-a2f6-69e222c57393,-63,Apple TV
498695198.882905,EBEFD083-70A2-47C8-9837-E7B5634DF524,0,KitchenBeacon0
498695198.890308,EBEFD083-70A2-47C8-9837-E7B5634DF525,0,HallBeacon1
498695198.896755,EBEFD083-70A2-47C8-9837-E7B5634DF526,0,ToiletBeacon2
498695198.917193,EBEFD083-70A2-47C8-9837-E7B5634DF527,0,Beacon3
498695198.938344,EBEFD083-70A2-47C8-9837-E7B5634DF528,0,KitchenBeacon4
498695199.021515,3ec3d2ca-4624-4943-a2f6-69e222c57393,-66,Apple TV
498695199.022153,3ec3d2ca-4624-4943-a2f6-69e222c57393,-66,Apple TV
498695199.203926,3ec3d2ca-4624-4943-a2f6-69e222c57393,-59,Apple TV
498695199.206594,3ec3d2ca-4624-4943-a2f6-69e222c57393,-59,Apple TV
498695199.387567,3ec3d2ca-4624-4943-a2f6-69e222c57393,-59,Apple TV
498695199.38852,3ec3d2ca-4624-4943-a2f6-69e222c57393,-59,Apple TV
498695199.704728,bc3c94b6-9c70-4e2c-9205-0b5d3476c7d6,-61,MI_SCALE
498695199.705186,bc3c94b6-9c70-4e2c-9205-0b5d3476c7d6,-61,MI_SCALE
498695199.751335,3ec3d2ca-4624-4943-a2f6-69e222c57393,-60,Apple TV
498695199.751678,3ec3d2ca-4624-4943-a2f6-69e222c57393,-60,Apple TV
498695199.882696,EBEFD083-70A2-47C8-9837-E7B5634DF524,0,KitchenBeacon0
498695199.889764,EBEFD083-70A2-47C8-9837-E7B5634DF525,0,HallBeacon1
498695199.895628,EBEFD083-70A2-47C8-9837-E7B5634DF526,0,ToiletBeacon2
498695199.907072,EBEFD083-70A2-47C8-9837-E7B5634DF527,0,Beacon3
498695199.912792,EBEFD083-70A2-47C8-9837-E7B5634DF528,0,KitchenBeacon4
498695199.936734,3ec3d2ca-4624-4943-a2f6-69e222c57393,-74,Apple TV
498695199.937383,3ec3d2ca-4624-4943-a2f6-69e222c57393,-75,Apple TV
498695200.11706,3ec3d2ca-4624-4943-a2f6-69e222c57393,-62,Apple TV
498695200.118059,3ec3d2ca-4624-4943-a2f6-69e222c57393,-62,Apple TV
498695200.302605,3ec3d2ca-4624-4943-a2f6-69e222c57393,-67,Apple TV
498695200.302972,3ec3d2ca-4624-4943-a2f6-69e222c57393,-67,Apple TV
498695200.485097,3ec3d2ca-4624-4943-a2f6-69e222c57393,-69,Apple TV
498695200.485791,3ec3d2ca-4624-4943-a2f6-69e222c57393,-69,Apple TV
498695200.668876,3ec3d2ca-4624-4943-a2f6-69e222c57393,-66,Apple TV
498695200.669263,3ec3d2ca-4624-4943-a2f6-69e222c57393,-66,Apple TV
498695200.737339,bc3c94b6-9c70-4e2c-9205-0b5d3476c7d6,-60,MI_SCALE
498695200.737798,bc3c94b6-9c70-4e2c-9205-0b5d3476c7d6,-60,MI_SCALE
498695200.849611,3ec3d2ca-4624-4943-a2f6-69e222c57393,-65,Apple TV
498695200.850546,3ec3d2ca-4624-4943-a2f6-69e222c57393,-65,Apple TV
498695200.87862,EBEFD083-70A2-47C8-9837-E7B5634DF524,0,KitchenBeacon0
498695200.896387,EBEFD083-70A2-47C8-9837-E7B5634DF525,0,HallBeacon1
498695200.914919,EBEFD083-70A2-47C8-9837-E7B5634DF526,0,ToiletBeacon2
498695200.928953,EBEFD083-70A2-47C8-9837-E7B5634DF527,0,Beacon3
498695200.938976,EBEFD083-70A2-47C8-9837-E7B5634DF528,0,KitchenBeacon4
498695201.035129,3ec3d2ca-4624-4943-a2f6-69e222c57393,-60,Apple TV
498695201.035864,3ec3d2ca-4624-4943-a2f6-69e222c57393,-60,Apple TV
498695201.217651,3ec3d2ca-4624-4943-a2f6-69e222c57393,-61,Apple TV
498695201.21799,3ec3d2ca-4624-4943-a2f6-69e222c57393,-61,Apple TV
498695201.398359,3ec3d2ca-4624-4943-a2f6-69e222c57393,-66,Apple TV
498695201.399326,3ec3d2ca-4624-4943-a2f6-69e222c57393,-66,Apple TV
498695201.578921,3ec3d2ca-4624-4943-a2f6-69e222c57393,-68,Apple TV
498695201.579916,3ec3d2ca-4624-4943-a2f6-69e222c57393,-68,Apple TV
498695201.761629,3ec3d2ca-4624-4943-a2f6-69e222c57393,-72,Apple TV
498695201.76256,3ec3d2ca-4624-4943-a2f6-69e222c57393,-72,Apple TV
498695201.876842,EBEFD083-70A2-47C8-9837-E7B5634DF524,0,KitchenBeacon0
498695201.893248,EBEFD083-70A2-47C8-9837-E7B5634DF525,0,HallBeacon1
498695201.900088,EBEFD083-70A2-47C8-9837-E7B5634DF526,0,ToiletBeacon2
498695201.909151,EBEFD083-70A2-47C8-9837-E7B5634DF527,0,Beacon3
498695201.921132,EBEFD083-70A2-47C8-9837-E7B5634DF528,0,KitchenBeacon4
498695201.947686,3ec3d2ca-4624-4943-a2f6-69e222c57393,-58,Apple TV
498695201.94909,3ec3d2ca-4624-4943-a2f6-69e222c57393,-58,Apple TV
498694645.35906,d9114d7c-6168-4471-805e-95c5ed325dc5,67.0,Heart Rate Sensor
498694807.241597,d9114d7c-6168-4471-805e-95c5ed325dc5,94.0,Heart Rate Sensor
498695202.315201,3ec3d2ca-4624-4943-a2f6-69e222c57393,-64,Apple TV
498695202.316045,3ec3d2ca-4624-4943-a2f6-69e222c57393,-64,Apple TV
498695202.497002,3ec3d2ca-4624-4943-a2f6-69e222c57393,-67,Apple TV
498695202.498007,3ec3d2ca-4624-4943-a2f6-69e222c57393,-67,Apple TV
498695202.680428,3ec3d2ca-4624-4943-a2f6-69e222c57393,-76,Apple TV
498695202.902938,EBEFD083-70A2-47C8-9837-E7B5634DF524,0,KitchenBeacon0
498695202.919271,EBEFD083-70A2-47C8-9837-E7B5634DF525,0,HallBeacon1
498695202.936082,EBEFD083-70A2-47C8-9837-E7B5634DF526,0,ToiletBeacon2
498695202.948714,EBEFD083-70A2-47C8-9837-E7B5634DF527,0,Beacon3
498695202.959741,EBEFD083-70A2-47C8-9837-E7B5634DF528,0,KitchenBeacon4
498695203.052631,3ec3d2ca-4624-4943-a2f6-69e222c57393,-68,Apple TV
498695203.053437,3ec3d2ca-4624-4943-a2f6-69e222c57393,-69,Apple TV
498695203.236513,3ec3d2ca-4624-4943-a2f6-69e222c57393,-68,Apple TV
498695203.238792,3ec3d2ca-4624-4943-a2f6-69e222c57393,-68,Apple TV
498695203.418151,3ec3d2ca-4624-4943-a2f6-69e222c57393,-74,Apple TV
498695203.599385,3ec3d2ca-4624-4943-a2f6-69e222c57393,-65,Apple TV
498695203.602162,3ec3d2ca-4624-4943-a2f6-69e222c57393,-65,Apple TV
498695203.784128,3ec3d2ca-4624-4943-a2f6-69e222c57393,-60,Apple TV
498695203.786439,3ec3d2ca-4624-4943-a2f6-69e222c57393,-60,Apple TV
498695203.81053,bc3c94b6-9c70-4e2c-9205-0b5d3476c7d6,-68,MI_SCALE
498695203.812654,bc3c94b6-9c70-4e2c-9205-0b5d3476c7d6,-69,MI_SCALE
498695203.880791,EBEFD083-70A2-47C8-9837-E7B5634DF524,0,KitchenBeacon0
498695203.899121,EBEFD083-70A2-47C8-9837-E7B5634DF525,0,HallBeacon1
498695203.911476,EBEFD083-70A2-47C8-9837-E7B5634DF526,0,ToiletBeacon2
498695203.919458,EBEFD083-70A2-47C8-9837-E7B5634DF527,0,Beacon3
498695203.927638,EBEFD083-70A2-47C8-9837-E7B5634DF528,0,KitchenBeacon4
498695203.963535,3ec3d2ca-4624-4943-a2f6-69e222c57393,-66,Apple TV
498695203.963994,3ec3d2ca-4624-4943-a2f6-69e222c57393,-66,Apple TV
498695204.145218,3ec3d2ca-4624-4943-a2f6-69e222c57393,-69,Apple TV
498695204.14602,3ec3d2ca-4624-4943-a2f6-69e222c57393,-69,Apple TV
498695204.327517,3ec3d2ca-4624-4943-a2f6-69e222c57393,-59,Apple TV
498695204.328275,3ec3d2ca-4624-4943-a2f6-69e222c57393,-59,Apple TV
498695204.507237,3ec3d2ca-4624-4943-a2f6-69e222c57393,-56,Apple TV
498695204.508058,3ec3d2ca-4624-4943-a2f6-69e222c57393,-55,Apple TV
498695204.692782,3ec3d2ca-4624-4943-a2f6-69e222c57393,-55,Apple TV
498695204.693588,3ec3d2ca-4624-4943-a2f6-69e222c57393,-55,Apple TV
498695204.900567,EBEFD083-70A2-47C8-9837-E7B5634DF524,0,KitchenBeacon0
498695204.916378,EBEFD083-70A2-47C8-9837-E7B5634DF525,0,HallBeacon1
498695204.934155,EBEFD083-70A2-47C8-9837-E7B5634DF526,-83,ToiletBeacon2
498695204.948624,EBEFD083-70A2-47C8-9837-E7B5634DF527,0,Beacon3
498695204.960262,EBEFD083-70A2-47C8-9837-E7B5634DF528,0,KitchenBeacon4
498695205.061914,3ec3d2ca-4624-4943-a2f6-69e222c57393,-66,Apple TV
498695205.062459,3ec3d2ca-4624-4943-a2f6-69e222c57393,-65,Apple TV
498695205.246748,3ec3d2ca-4624-4943-a2f6-69e222c57393,-65,Apple TV
498695205.248348,3ec3d2ca-4624-4943-a2f6-69e222c57393,-65,Apple TV
498695205.432665,3ec3d2ca-4624-4943-a2f6-69e222c57393,-57,Apple TV
498695205.43342,3ec3d2ca-4624-4943-a2f6-69e222c57393,-57,Apple TV
498695205.615125,3ec3d2ca-4624-4943-a2f6-69e222c57393,-59,Apple TV
498695205.615957,3ec3d2ca-4624-4943-a2f6-69e222c57393,-59,Apple TV
498695205.796706,3ec3d2ca-4624-4943-a2f6-69e222c57393,-55,Apple TV
498695205.797468,3ec3d2ca-4624-4943-a2f6-69e222c57393,-55,Apple TV
498695205.877335,bc3c94b6-9c70-4e2c-9205-0b5d3476c7d6,-79,MI_SCALE
498695205.880483,bc3c94b6-9c70-4e2c-9205-0b5d3476c7d6,-79,MI_SCALE
498695205.902597,EBEFD083-70A2-47C8-9837-E7B5634DF524,0,KitchenBeacon0
498695205.918516,EBEFD083-70A2-47C8-9837-E7B5634DF525,0,HallBeacon1
498695205.936368,EBEFD083-70A2-47C8-9837-E7B5634DF526,-84,ToiletBeacon2
498695205.94895,EBEFD083-70A2-47C8-9837-E7B5634DF527,0,Beacon3
498695205.959842,EBEFD083-70A2-47C8-9837-E7B5634DF528,0,KitchenBeacon4
498695206.161521,3ec3d2ca-4624-4943-a2f6-69e222c57393,-61,Apple TV
498695206.162291,3ec3d2ca-4624-4943-a2f6-69e222c57393,-61,Apple TV
498695206.343591,3ec3d2ca-4624-4943-a2f6-69e222c57393,-63,Apple TV
498695206.345212,3ec3d2ca-4624-4943-a2f6-69e222c57393,-63,Apple TV
498695206.526811,3ec3d2ca-4624-4943-a2f6-69e222c57393,-59,Apple TV
498695206.529061,3ec3d2ca-4624-4943-a2f6-69e222c57393,-58,Apple TV
498695206.709958,3ec3d2ca-4624-4943-a2f6-69e222c57393,-61,Apple TV
498695206.711687,3ec3d2ca-4624-4943-a2f6-69e222c57393,-61,Apple TV
498695206.883923,EBEFD083-70A2-47C8-9837-E7B5634DF524,0,KitchenBeacon0
498695206.906364,bc3c94b6-9c70-4e2c-9205-0b5d3476c7d6,127,MI_SCALE
498695206.910598,bc3c94b6-9c70-4e2c-9205-0b5d3476c7d6,-75,MI_SCALE
498695206.922703,EBEFD083-70A2-47C8-9837-E7B5634DF525,0,HallBeacon1
498695206.939808,EBEFD083-70A2-47C8-9837-E7B5634DF526,0,ToiletBeacon2
498695206.956805,EBEFD083-70A2-47C8-9837-E7B5634DF527,0,Beacon3
498695206.968604,EBEFD083-70A2-47C8-9837-E7B5634DF528,0,KitchenBeacon4
498695207.078353,3ec3d2ca-4624-4943-a2f6-69e222c57393,-52,Apple TV
498695207.079225,3ec3d2ca-4624-4943-a2f6-69e222c57393,-52,Apple TV
498695207.264408,3ec3d2ca-4624-4943-a2f6-69e222c57393,-57,Apple TV
498695207.265205,3ec3d2ca-4624-4943-a2f6-69e222c57393,-58,Apple TV
498695207.447622,3ec3d2ca-4624-4943-a2f6-69e222c57393,-62,Apple TV
498695207.629816,3ec3d2ca-4624-4943-a2f6-69e222c57393,-75,Apple TV
498695207.630614,3ec3d2ca-4624-4943-a2f6-69e222c57393,-76,Apple TV
498695207.809551,3ec3d2ca-4624-4943-a2f6-69e222c57393,-64,Apple TV
498695207.811113,3ec3d2ca-4624-4943-a2f6-69e222c57393,-64,Apple TV
498695207.888264,EBEFD083-70A2-47C8-9837-E7B5634DF524,0,KitchenBeacon0
498695207.905213,EBEFD083-70A2-47C8-9837-E7B5634DF525,0,HallBeacon1
498695207.922985,EBEFD083-70A2-47C8-9837-E7B5634DF526,0,ToiletBeacon2
498695207.941669,EBEFD083-70A2-47C8-9837-E7B5634DF527,0,Beacon3
498695207.944416,bc3c94b6-9c70-4e2c-9205-0b5d3476c7d6,-72,MI_SCALE
498695207.945186,bc3c94b6-9c70-4e2c-9205-0b5d3476c7d6,-72,MI_SCALE
498695207.961336,EBEFD083-70A2-47C8-9837-E7B5634DF528,0,KitchenBeacon4
498695207.990556,3ec3d2ca-4624-4943-a2f6-69e222c57393,-60,Apple TV
498695207.993271,3ec3d2ca-4624-4943-a2f6-69e222c57393,-60,Apple TV
498695208.04576,c2bc678c-ed73-45c6-8804-bcaf645f0891,0,Kitchen Light
498695208.179141,3ec3d2ca-4624-4943-a2f6-69e222c57393,-63,Apple TV
498695208.180266,3ec3d2ca-4624-4943-a2f6-69e222c57393,-63,Apple TV
498695208.360555,3ec3d2ca-4624-4943-a2f6-69e222c57393,-60,Apple TV
498695208.36268,3ec3d2ca-4624-4943-a2f6-69e222c57393,-59,Apple TV
498695208.541371,3ec3d2ca-4624-4943-a2f6-69e222c57393,-57,Apple TV
498695208.543876,3ec3d2ca-4624-4943-a2f6-69e222c57393,-57,Apple TV
498695208.879284,EBEFD083-70A2-47C8-9837-E7B5634DF524,0,KitchenBeacon0
498695208.896145,EBEFD083-70A2-47C8-9837-E7B5634DF525,0,HallBeacon1
498695208.912483,EBEFD083-70A2-47C8-9837-E7B5634DF526,0,ToiletBeacon2
498695208.929448,EBEFD083-70A2-47C8-9837-E7B5634DF527,0,Beacon3
498695208.941681,EBEFD083-70A2-47C8-9837-E7B5634DF528,-82,KitchenBeacon4
498695208.96052,bc3c94b6-9c70-4e2c-9205-0b5d3476c7d6,-76,MI_SCALE
498695208.961624,bc3c94b6-9c70-4e2c-9205-0b5d3476c7d6,-76,MI_SCALE
498695209.273844,3ec3d2ca-4624-4943-a2f6-69e222c57393,-55,Apple TV
498695209.276329,3ec3d2ca-4624-4943-a2f6-69e222c57393,-55,Apple TV
498695209.45642,3ec3d2ca-4624-4943-a2f6-69e222c57393,-67,Apple TV
498695209.460585,3ec3d2ca-4624-4943-a2f6-69e222c57393,-67,Apple TV
498695209.637324,3ec3d2ca-4624-4943-a2f6-69e222c57393,-55,Apple TV
498695209.63964,3ec3d2ca-4624-4943-a2f6-69e222c57393,-55,Apple TV
498695209.822719,3ec3d2ca-4624-4943-a2f6-69e222c57393,-61,Apple TV
498695209.82589,3ec3d2ca-4624-4943-a2f6-69e222c57393,-61,Apple TV
498695209.887506,EBEFD083-70A2-47C8-9837-E7B5634DF524,0,KitchenBeacon0
498695209.905069,EBEFD083-70A2-47C8-9837-E7B5634DF525,0,HallBeacon1
498695209.922847,EBEFD083-70A2-47C8-9837-E7B5634DF526,0,ToiletBeacon2
498695209.947072,EBEFD083-70A2-47C8-9837-E7B5634DF527,0,Beacon3
498695209.960753,EBEFD083-70A2-47C8-9837-E7B5634DF528,-78,KitchenBeacon4
498695209.988809,bc3c94b6-9c70-4e2c-9205-0b5d3476c7d6,-76,MI_SCALE
498695210.004562,3ec3d2ca-4624-4943-a2f6-69e222c57393,-63,Apple TV
498695210.005119,3ec3d2ca-4624-4943-a2f6-69e222c57393,-62,Apple TV
498695210.188807,3ec3d2ca-4624-4943-a2f6-69e222c57393,-75,Apple TV
498695210.369467,3ec3d2ca-4624-4943-a2f6-69e222c57393,-68,Apple TV
498695210.370215,3ec3d2ca-4624-4943-a2f6-69e222c57393,-67,Apple TV
498695210.555653,3ec3d2ca-4624-4943-a2f6-69e222c57393,-65,Apple TV
498695210.556471,3ec3d2ca-4624-4943-a2f6-69e222c57393,-65,Apple TV
498695210.741591,3ec3d2ca-4624-4943-a2f6-69e222c57393,-63,Apple TV
498695210.742413,3ec3d2ca-4624-4943-a2f6-69e222c57393,-63,Apple TV
498695210.882881,EBEFD083-70A2-47C8-9837-E7B5634DF524,0,KitchenBeacon0
498695210.898048,EBEFD083-70A2-47C8-9837-E7B5634DF525,0,HallBeacon1
498695210.915578,EBEFD083-70A2-47C8-9837-E7B5634DF526,-77,ToiletBeacon2
498695210.932971,EBEFD083-70A2-47C8-9837-E7B5634DF527,0,Beacon3
498695210.935292,3ec3d2ca-4624-4943-a2f6-69e222c57393,-66,Apple TV
498695210.93588,3ec3d2ca-4624-4943-a2f6-69e222c57393,-66,Apple TV
498695210.947232,EBEFD083-70A2-47C8-9837-E7B5634DF528,0,KitchenBeacon4
498695211.102919,3ec3d2ca-4624-4943-a2f6-69e222c57393,-74,Apple TV
498695211.104559,3ec3d2ca-4624-4943-a2f6-69e222c57393,-73,Apple TV
498695211.473991,3ec3d2ca-4624-4943-a2f6-69e222c57393,-71,Apple TV
498695211.476223,3ec3d2ca-4624-4943-a2f6-69e222c57393,-72,Apple TV
498695211.654631,3ec3d2ca-4624-4943-a2f6-69e222c57393,-65,Apple TV
498695211.65543,3ec3d2ca-4624-4943-a2f6-69e222c57393,-65,Apple TV
498695211.838978,3ec3d2ca-4624-4943-a2f6-69e222c57393,-77,Apple TV
498695211.839859,3ec3d2ca-4624-4943-a2f6-69e222c57393,-76,Apple TV
498695211.887943,EBEFD083-70A2-47C8-9837-E7B5634DF524,0,KitchenBeacon0
498695211.903591,EBEFD083-70A2-47C8-9837-E7B5634DF525,0,HallBeacon1
498695211.920559,EBEFD083-70A2-47C8-9837-E7B5634DF526,-81,ToiletBeacon2
498695211.936529,EBEFD083-70A2-47C8-9837-E7B5634DF527,0,Beacon3
498695211.953393,EBEFD083-70A2-47C8-9837-E7B5634DF528,0,KitchenBeacon4
498695212.023813,3ec3d2ca-4624-4943-a2f6-69e222c57393,-70,Apple TV
498695212.026265,3ec3d2ca-4624-4943-a2f6-69e222c57393,-70,Apple TV
498695212.047638,bc3c94b6-9c70-4e2c-9205-0b5d3476c7d6,-65,MI_SCALE
498695212.050146,bc3c94b6-9c70-4e2c-9205-0b5d3476c7d6,-65,MI_SCALE
498695212.205866,3ec3d2ca-4624-4943-a2f6-69e222c57393,-65,Apple TV
498695212.207434,3ec3d2ca-4624-4943-a2f6-69e222c57393,-65,Apple TV
498695212.573887,3ec3d2ca-4624-4943-a2f6-69e222c57393,-59,Apple TV
498695212.57472,3ec3d2ca-4624-4943-a2f6-69e222c57393,-60,Apple TV
498695212.757881,3ec3d2ca-4624-4943-a2f6-69e222c57393,-71,Apple TV
498695212.75866,3ec3d2ca-4624-4943-a2f6-69e222c57393,-70,Apple TV
498695212.890844,EBEFD083-70A2-47C8-9837-E7B5634DF524,0,KitchenBeacon0
498695212.907157,EBEFD083-70A2-47C8-9837-E7B5634DF525,0,HallBeacon1
498695212.928494,EBEFD083-70A2-47C8-9837-E7B5634DF526,0,ToiletBeacon2
498695212.945286,EBEFD083-70A2-47C8-9837-E7B5634DF527,0,Beacon3
498695212.949287,3ec3d2ca-4624-4943-a2f6-69e222c57393,-76,Apple TV
498695212.949958,3ec3d2ca-4624-4943-a2f6-69e222c57393,-76,Apple TV
498695212.960531,EBEFD083-70A2-47C8-9837-E7B5634DF528,0,KitchenBeacon4
498695213.076622,bc3c94b6-9c70-4e2c-9205-0b5d3476c7d6,-70,MI_SCALE
498695213.122783,3ec3d2ca-4624-4943-a2f6-69e222c57393,-65,Apple TV
498695213.124746,3ec3d2ca-4624-4943-a2f6-69e222c57393,-66,Apple TV
498695213.305235,3ec3d2ca-4624-4943-a2f6-69e222c57393,-62,Apple TV
498695213.306054,3ec3d2ca-4624-4943-a2f6-69e222c57393,-62,Apple TV
498695213.487084,3ec3d2ca-4624-4943-a2f6-69e222c57393,-71,Apple TV
498695213.489751,3ec3d2ca-4624-4943-a2f6-69e222c57393,-71,Apple TV
498695213.669086,3ec3d2ca-4624-4943-a2f6-69e222c57393,-56,Apple TV
498695213.669923,3ec3d2ca-4624-4943-a2f6-69e222c57393,-56,Apple TV
498695213.88012,EBEFD083-70A2-47C8-9837-E7B5634DF524,0,KitchenBeacon0
498695213.895426,EBEFD083-70A2-47C8-9837-E7B5634DF525,0,HallBeacon1
498695213.916601,EBEFD083-70A2-47C8-9837-E7B5634DF526,0,ToiletBeacon2
498695213.939394,EBEFD083-70A2-47C8-9837-E7B5634DF527,0,Beacon3
498695213.961424,EBEFD083-70A2-47C8-9837-E7B5634DF528,0,KitchenBeacon4
498695214.036884,3ec3d2ca-4624-4943-a2f6-69e222c57393,-59,Apple TV
498695214.038251,3ec3d2ca-4624-4943-a2f6-69e222c57393,-59,Apple TV
498695214.106743,bc3c94b6-9c70-4e2c-9205-0b5d3476c7d6,-65,MI_SCALE
498695214.107365,bc3c94b6-9c70-4e2c-9205-0b5d3476c7d6,-65,MI_SCALE
498695214.21842,3ec3d2ca-4624-4943-a2f6-69e222c57393,-56,Apple TV
498695214.219291,3ec3d2ca-4624-4943-a2f6-69e222c57393,-56,Apple TV
498695214.399787,3ec3d2ca-4624-4943-a2f6-69e222c57393,-57,Apple TV
498695214.581418,3ec3d2ca-4624-4943-a2f6-69e222c57393,-59,Apple TV
498695214.582178,3ec3d2ca-4624-4943-a2f6-69e222c57393,-59,Apple TV
498695214.762024,3ec3d2ca-4624-4943-a2f6-69e222c57393,-62,Apple TV
498695214.764326,3ec3d2ca-4624-4943-a2f6-69e222c57393,-62,Apple TV
498695214.89772,EBEFD083-70A2-47C8-9837-E7B5634DF524,0,KitchenBeacon0
498695214.917624,EBEFD083-70A2-47C8-9837-E7B5634DF525,0,HallBeacon1
498695214.934211,EBEFD083-70A2-47C8-9837-E7B5634DF526,0,ToiletBeacon2
498695214.952619,EBEFD083-70A2-47C8-9837-E7B5634DF527,0,Beacon3
498695214.955453,3ec3d2ca-4624-4943-a2f6-69e222c57393,-65,Apple TV
498695214.955973,3ec3d2ca-4624-4943-a2f6-69e222c57393,-65,Apple TV
498695214.967402,EBEFD083-70A2-47C8-9837-E7B5634DF528,0,KitchenBeacon4
498695215.127641,3ec3d2ca-4624-4943-a2f6-69e222c57393,-67,Apple TV
498695215.128632,3ec3d2ca-4624-4943-a2f6-69e222c57393,-67,Apple TV
498695215.49288,3ec3d2ca-4624-4943-a2f6-69e222c57393,-63,Apple TV
498695215.493689,3ec3d2ca-4624-4943-a2f6-69e222c57393,-62,Apple TV
498695215.675417,3ec3d2ca-4624-4943-a2f6-69e222c57393,-57,Apple TV
498695215.677341,3ec3d2ca-4624-4943-a2f6-69e222c57393,-57,Apple TV
498695215.861437,3ec3d2ca-4624-4943-a2f6-69e222c57393,-63,Apple TV
498695215.863053,3ec3d2ca-4624-4943-a2f6-69e222c57393,-62,Apple TV
498695215.880916,EBEFD083-70A2-47C8-9837-E7B5634DF524,0,KitchenBeacon0
498695215.896032,EBEFD083-70A2-47C8-9837-E7B5634DF525,0,HallBeacon1
498695215.912776,EBEFD083-70A2-47C8-9837-E7B5634DF526,0,ToiletBeacon2
498695215.930125,EBEFD083-70A2-47C8-9837-E7B5634DF527,0,Beacon3
498695215.94471,EBEFD083-70A2-47C8-9837-E7B5634DF528,0,KitchenBeacon4
498695216.041344,3ec3d2ca-4624-4943-a2f6-69e222c57393,-65,Apple TV
498695216.041904,3ec3d2ca-4624-4943-a2f6-69e222c57393,-65,Apple TV
498695216.223839,3ec3d2ca-4624-4943-a2f6-69e222c57393,-77,Apple TV
498695216.226287,3ec3d2ca-4624-4943-a2f6-69e222c57393,-77,Apple TV
498695216.409679,3ec3d2ca-4624-4943-a2f6-69e222c57393,-51,Apple TV
498695216.772063,3ec3d2ca-4624-4943-a2f6-69e222c57393,-59,Apple TV
498695216.774816,3ec3d2ca-4624-4943-a2f6-69e222c57393,127,Apple TV
498695216.886005,EBEFD083-70A2-47C8-9837-E7B5634DF524,0,KitchenBeacon0
498695216.901648,EBEFD083-70A2-47C8-9837-E7B5634DF525,0,HallBeacon1
498695216.9182,EBEFD083-70A2-47C8-9837-E7B5634DF526,0,ToiletBeacon2
498695216.934187,EBEFD083-70A2-47C8-9837-E7B5634DF527,0,Beacon3
498695216.947017,EBEFD083-70A2-47C8-9837-E7B5634DF528,0,KitchenBeacon4
498695217.139619,3ec3d2ca-4624-4943-a2f6-69e222c57393,-67,Apple TV
498695217.140635,3ec3d2ca-4624-4943-a2f6-69e222c57393,-67,Apple TV
498695217.185155,bc3c94b6-9c70-4e2c-9205-0b5d3476c7d6,-57,MI_SCALE
498695217.186384,bc3c94b6-9c70-4e2c-9205-0b5d3476c7d6,-56,MI_SCALE
498695217.32364,3ec3d2ca-4624-4943-a2f6-69e222c57393,-54,Apple TV
498695217.327997,3ec3d2ca-4624-4943-a2f6-69e222c57393,-54,Apple TV
498695217.507969,3ec3d2ca-4624-4943-a2f6-69e222c57393,-59,Apple TV
498695217.510317,3ec3d2ca-4624-4943-a2f6-69e222c57393,127,Apple TV
498695217.690444,3ec3d2ca-4624-4943-a2f6-69e222c57393,-59,Apple TV
498695217.693176,3ec3d2ca-4624-4943-a2f6-69e222c57393,-59,Apple TV
498695217.87105,3ec3d2ca-4624-4943-a2f6-69e222c57393,-64,Apple TV
498695217.872721,3ec3d2ca-4624-4943-a2f6-69e222c57393,-63,Apple TV
498695217.882102,EBEFD083-70A2-47C8-9837-E7B5634DF524,0,KitchenBeacon0
498695217.897031,EBEFD083-70A2-47C8-9837-E7B5634DF525,0,HallBeacon1
498695217.913725,EBEFD083-70A2-47C8-9837-E7B5634DF526,0,ToiletBeacon2
498695217.931048,EBEFD083-70A2-47C8-9837-E7B5634DF527,0,Beacon3
498695217.942636,EBEFD083-70A2-47C8-9837-E7B5634DF528,0,KitchenBeacon4
498695218.052955,3ec3d2ca-4624-4943-a2f6-69e222c57393,-59,Apple TV
498695218.053576,3ec3d2ca-4624-4943-a2f6-69e222c57393,-60,Apple TV
498695218.210005,bc3c94b6-9c70-4e2c-9205-0b5d3476c7d6,-53,MI_SCALE
498695218.239218,3ec3d2ca-4624-4943-a2f6-69e222c57393,-62,Apple TV
498695218.423001,3ec3d2ca-4624-4943-a2f6-69e222c57393,-62,Apple TV
498695218.42516,3ec3d2ca-4624-4943-a2f6-69e222c57393,-62,Apple TV
498695218.607121,3ec3d2ca-4624-4943-a2f6-69e222c57393,-57,Apple TV
498695218.608325,3ec3d2ca-4624-4943-a2f6-69e222c57393,-56,Apple TV
498695218.888375,EBEFD083-70A2-47C8-9837-E7B5634DF525,0,HallBeacon1
498695218.90535,EBEFD083-70A2-47C8-9837-E7B5634DF526,0,ToiletBeacon2
498695218.921839,EBEFD083-70A2-47C8-9837-E7B5634DF527,0,Beacon3
498695218.937239,EBEFD083-70A2-47C8-9837-E7B5634DF528,0,KitchenBeacon4
498695218.97656,3ec3d2ca-4624-4943-a2f6-69e222c57393,-57,Apple TV
498695218.977104,3ec3d2ca-4624-4943-a2f6-69e222c57393,-57,Apple TV
498695219.159531,3ec3d2ca-4624-4943-a2f6-69e222c57393,-76,Apple TV
498695219.240091,bc3c94b6-9c70-4e2c-9205-0b5d3476c7d6,-63,MI_SCALE
498695219.241845,bc3c94b6-9c70-4e2c-9205-0b5d3476c7d6,-64,MI_SCALE
498695219.525488,3ec3d2ca-4624-4943-a2f6-69e222c57393,-58,Apple TV
498695219.526338,3ec3d2ca-4624-4943-a2f6-69e222c57393,-59,Apple TV
498695219.708028,3ec3d2ca-4624-4943-a2f6-69e222c57393,-55,Apple TV
498695219.708893,3ec3d2ca-4624-4943-a2f6-69e222c57393,-55,Apple TV
498695219.891668,EBEFD083-70A2-47C8-9837-E7B5634DF525,0,HallBeacon1
498695219.907744,EBEFD083-70A2-47C8-9837-E7B5634DF526,0,ToiletBeacon2
498695219.926325,EBEFD083-70A2-47C8-9837-E7B5634DF527,0,Beacon3
498695219.938706,EBEFD083-70A2-47C8-9837-E7B5634DF528,0,KitchenBeacon4
498695220.086523,3ec3d2ca-4624-4943-a2f6-69e222c57393,-53,Apple TV
498695220.086952,3ec3d2ca-4624-4943-a2f6-69e222c57393,127,Apple TV
498695220.259724,3ec3d2ca-4624-4943-a2f6-69e222c57393,-64,Apple TV
498695220.260886,3ec3d2ca-4624-4943-a2f6-69e222c57393,-64,Apple TV
498695220.443555,3ec3d2ca-4624-4943-a2f6-69e222c57393,-69,Apple TV
498695220.444307,3ec3d2ca-4624-4943-a2f6-69e222c57393,-68,Apple TV
498695220.629363,3ec3d2ca-4624-4943-a2f6-69e222c57393,-86,Apple TV
498695220.813846,3ec3d2ca-4624-4943-a2f6-69e222c57393,-78,Apple TV
498695220.895778,EBEFD083-70A2-47C8-9837-E7B5634DF525,0,HallBeacon1
498695220.916987,EBEFD083-70A2-47C8-9837-E7B5634DF526,-83,ToiletBeacon2
498695220.934167,EBEFD083-70A2-47C8-9837-E7B5634DF527,0,Beacon3
498695220.947386,EBEFD083-70A2-47C8-9837-E7B5634DF528,0,KitchenBeacon4
498695220.993462,3ec3d2ca-4624-4943-a2f6-69e222c57393,-53,Apple TV
498695220.994387,3ec3d2ca-4624-4943-a2f6-69e222c57393,-53,Apple TV
498695221.17608,3ec3d2ca-4624-4943-a2f6-69e222c57393,-58,Apple TV
498695221.176912,3ec3d2ca-4624-4943-a2f6-69e222c57393,-58,Apple TV
498695221.355511,3ec3d2ca-4624-4943-a2f6-69e222c57393,-47,Apple TV
498695221.355996,3ec3d2ca-4624-4943-a2f6-69e222c57393,-46,Apple TV
498695221.542129,3ec3d2ca-4624-4943-a2f6-69e222c57393,-52,Apple TV
498695221.542706,3ec3d2ca-4624-4943-a2f6-69e222c57393,-52,Apple TV
498695221.883175,EBEFD083-70A2-47C8-9837-E7B5634DF524,0,KitchenBeacon0
498695221.898894,EBEFD083-70A2-47C8-9837-E7B5634DF525,0,HallBeacon1
498695221.918193,3ec3d2ca-4624-4943-a2f6-69e222c57393,-54,Apple TV
498695221.919202,3ec3d2ca-4624-4943-a2f6-69e222c57393,-53,Apple TV
498695221.923018,EBEFD083-70A2-47C8-9837-E7B5634DF526,-83,ToiletBeacon2
498695221.938976,EBEFD083-70A2-47C8-9837-E7B5634DF527,0,Beacon3
498695221.951107,EBEFD083-70A2-47C8-9837-E7B5634DF528,0,KitchenBeacon4
498695222.090291,3ec3d2ca-4624-4943-a2f6-69e222c57393,-52,Apple TV
498695222.091219,3ec3d2ca-4624-4943-a2f6-69e222c57393,-52,Apple TV
498695222.27543,3ec3d2ca-4624-4943-a2f6-69e222c57393,-69,Apple TV
498695222.277721,3ec3d2ca-4624-4943-a2f6-69e222c57393,-69,Apple TV
498695222.318237,bc3c94b6-9c70-4e2c-9205-0b5d3476c7d6,-61,MI_SCALE
498695222.319308,bc3c94b6-9c70-4e2c-9205-0b5d3476c7d6,-61,MI_SCALE
498695222.455973,3ec3d2ca-4624-4943-a2f6-69e222c57393,-62,Apple TV
498695222.457369,3ec3d2ca-4624-4943-a2f6-69e222c57393,-62,Apple TV
498695222.640764,3ec3d2ca-4624-4943-a2f6-69e222c57393,-64,Apple TV
498695222.641929,3ec3d2ca-4624-4943-a2f6-69e222c57393,-64,Apple TV
498695222.786121,EBEFD083-70A2-47C8-9837-E7B5634DF525,0,HallBeacon1
498695222.81037,EBEFD083-70A2-47C8-9837-E7B5634DF526,0,ToiletBeacon2
498695222.817543,EBEFD083-70A2-47C8-9837-E7B5634DF527,0,Beacon3
498695222.824929,EBEFD083-70A2-47C8-9837-E7B5634DF528,0,KitchenBeacon4
